0,W,0x33800010,0x2000000100010000000000001
2,W,0x33400010,0x10
2,W,0x33500000,0x3C5ACB7A2CC234751CA3281B0231DB4
2,W,0x33500010,0x24D3B0D1B2CB33505FC4178149004ACB
2,W,0x33500020,0x2FDDAFD9BEC93A5467B7A58159A354D3
2,W,0x33500030,0x34E2A1DBC6C132566DBCBC005DB04AD6
2,W,0x33500040,0x37E201D9D1A4015970BDC6005AB812D6
2,W,0x33500050,0x37E125D4D915B45A70B4CF0450C2B9D3
2,W,0x33500060,0x34DD31CCE327C45C6FA2D5153BC8C7CA
2,W,0x33500070,0x34D635C0EA27CB606E91D91F0CCEC9BF
2,W,0x33500080,0x36D136B0F121CF626BB4DC24A2D1BBB2
2,W,0x33500090,0x3BC933A2F31BD16369C4DF27ADD200A4
2,W,0x335000A0,0x3FC329A3F316D26468CCE029A8D33D84
2,W,0x335000B0,0x42BE10AEF40FD26566CCE12B88D44A12
2,W,0x335000C0,0x45B897B8F300D36565C9E12D2BD44D26
2,W,0x335000D0,0x47B6B0C0F38BD36663C5E12E3FD44D2B
2,W,0x335000E0,0x49B7BCC1F3A1D36662BEE13047D54B2A
2,W,0x335000F0,0x4BBBC4C1F4B0D46661BFE1314DD54528
2,W,0x33500100,0x0E4011C1A9032FBA813D3DC01A38A9AD
2,W,0x33500110,0x17404EC79A0A32C81C3F46A2284281B4
2,W,0x33500120,0x1B3756C91A1136CD28454DAA324633B5
2,W,0x33500130,0x295CC8351739D1244A52B8374CB3B5
2,W,0x33500140,0x0A70C60C7431E3DD3144C55C33C4FC4B0
2,W,0x33500150,0x0B69861C64E2240D9004B59CB3F50C098
2,W,0x33500160,0x0BEAC67C4542240E38C495AD3404FC216
2,W,0x33500170,0x0C1B36BC3582240EA9D475AD7404EC030
2,W,0x33500180,0x0C2B66EC25A2040F0A5455AD8404D0136
2,W,0x33500190,0x0C3B86EC25C203FF3AC445AD6404D4B3B
2,W,0x335001A0,0x0C3B96DC15D203EF4B14359D33F4D593E
2,W,0x335001B0,0x0C3B96BC15E203EF4B34159CC3F4D6040
2,W,0x335001C0,0x0C2B968C15E203EF4B54058C33F4E6241
2,W,0x335001D0,0x0C3BA66C15E203EF4B63F58BA3E4E6242
2,W,0x335001E0,0x0C2BA64C15E203EF3B73E58B53E4E6543
2,W,0x335001F0,0x0C2BA64C15E213EF2B83E57B23D4D6644
2,W,0x33500200,0x0A2C2B4B5A9A04AAC3FD99843ABB93896
2,W,0x33500210,0x0ACD1B5C0C5B64E1043E2B349B4B74727
2,W,0x33500220,0x0B1D8AFB0D2C0523A46E9BE4EB4A1513C
2,W,0x33500230,0x0B5DEA101D8B753454EF2C351AC185643
2,W,0x33500240,0x0B9DE8126DC004D4D49F7C852922C5C48
2,W,0x33500250,0x0BFDD09BAE03332533FFACE53042C604D
2,W,0x33500260,0x0C2D617D6E141A8582FFCD2530E216251
2,W,0x33500270,0x0C5C11DE0E048B65C2BFCD45300106453
2,W,0x33500280,0x0C8361EE0DE4FAA6037FBD65398016654
2,W,0x33500290,0x0CB481EDEDC52006242F8D652A6006755
2,W,0x335002A0,0x0CC4E1EDCDA542E6348F4D552AB006855
2,W,0x335002B0,0x0CE521FDCD9563C644EEED452AE016956
2,W,0x335002C0,0x0CF5420DED857456552E3D351AF016A57
2,W,0x335002D0,0x0CF5822DDD7584E6653D1D251AF016A57
2,W,0x335002E0,0x0D05B24DAD65954665416D251AD006A58
2,W,0x335002F0,0x0D05C25D8D65A57675451D150AA816A59
2,W,0x33500300,0x37C9A3B512001ABE1431B59601B7BC96
2,W,0x33500310,0x4CD199D31A9743DB2C87C08B01C7B8B0
2,W,0x33500320,0x53D394D9200159E33335C3AF01CFA5C0
2,W,0x33500330,0x54D18ADB1C2664E13B4BC5BB01CB00C4
2,W,0x33500340,0x50CEA7DB1E2869C64054C8C200BF1CC5
2,W,0x33500350,0x50CEC1D822316D4E4257CBC7818B2AC8
2,W,0x33500360,0x57D0CDD3283D6F614257CEC8823431CD
2,W,0x33500370,0x5FD1D2CE324370654158D0C8893533D2
2,W,0x33500380,0x62D3D5C93D4870654159D1C78D0235D5
2,W,0x33500390,0x63D6D7C5454B6E63415AD2C590B836D9
2,W,0x335003A0,0x63D7D8C34C4D6C61425AD2C490C737DC
2,W,0x335003B0,0x63D9D9C251506C5D435AD3C391CE39DF
2,W,0x335003C0,0x63DADAC155506B59455AD3C291D23AE1
2,W,0x335003D0,0x63DADAC0584E6A564658D3C191D53BE1
2,W,0x335003E0,0x63DBDBC05B4A6A584956D3C191D43DE1
2,W,0x335003F0,0x64DBDCBF5E476C534B53D3C192CF3EE1
2,W,0x33500400,0x3C39D0DAB9B439D9B9A44F8E89058988
2,W,0x33500410,0x483CD6D6B6C042E8BEB659A84116A493
2,W,0x33500420,0x4A3ED7C5A8C449EEBFC35EB35E28B000
2,W,0x33500430,0x4A3FD51C00C651F0BFC861BA6A36B722
2,W,0x33500440,0x433FD34D22C655F0BECA64BE703FBE33
2,W,0x33500450,0x243FCC5630C558F0BEC767BF7143C13F
2,W,0x33500460,0x0A73DBE5834C55AF0BDC269BF6E45C344
2,W,0x33500470,0x09A3B985536C45AF0BDBB6BBF6645C147
2,W,0x33500480,0x26392D4C36C359EFBDB56CC05545B949
2,W,0x33500490,0x3A373D2C36C358EEBDB26DC13E45AE4A
2,W,0x335004A0,0x413643C035C256ECBDAF6DC12345914B
2,W,0x335004B0,0x3F3546D235C155EBBDAD6EC213451D4C
2,W,0x335004C0,0x383447DA34C153E9BEAA6EC23244324D
2,W,0x335004D0,0x333347DF34C052E7BEA86FC339443C4D
2,W,0x335004E0,0x353248E233BF51E6BEA76FC33844424E
2,W,0x335004F0,0x353248E432BE50E5BEA56FC32244444F
2,W,0x33500500,0x0AE45253BC3B69923C34030113345C32A
2,W,0x33500510,0x0A74FC73FCCC2B03CCF5429383E54CF29
2,W,0x33500520,0x0A852E041D0C8B33AD54E272B425CD52C
2,W,0x33500530,0x0AC50E73DCACAB42FD8442DA4445DDA2C
2,W,0x33500540,0x0A547EC25C3C9B510DA3532B9475BDE28
2,W,0x33500550,0x13DEFB2C8C6B887DA0A37C14C5AE126
2,W,0x33500560,0x3E33EFC5D5C1BE88DBAC3AC55159E322
2,W,0x33500570,0x522DEDCBE1B9C201DAC03BC95459E419
2,W,0x33500580,0x5E2AEACBE7B2C522DAC93ACD565CE509
2,W,0x33500590,0x6328E8C9E9A8C730DACF38D0585FE600
2,W,0x335005A0,0x6625E7C6E89CC836D9D236D25960E692
2,W,0x335005B0,0x6722E6C1E688C93BD9D135D45A61E7A1
2,W,0x335005C0,0x681CE4BAE400C93FD9CE34D75A61E7A9
2,W,0x335005D0,0x6912E4B0E10AC941D8C933D95B61E7B1
2,W,0x335005E0,0x6908E398DF15C943D8C831DA5B61E7B5
2,W,0x335005F0,0x6901E214DC1EC945D8C830DC5C62E7BA
2,W,0x33500600,0x438D8726BC9F31D0A9CA1B3F2BC0C328
2,W,0x33500610,0x20002933C42310B4B2D2533237CEE031
2,W,0x33500620,0x0C0934237C636812CB6D2560043D5EC30
2,W,0x33500630,0x0D2A74C3CC73EA53EB9D552B349DBF32C
2,W,0x33500640,0x0DDAC5343C743B345BAD743C24FE0F528
2,W,0x33500650,0x0E3AB5648C646BA45BBD831CC53E2F724
2,W,0x33500660,0x0E3A9584DC649BF3FBADA44D258E3F821
2,W,0x33500670,0x0E0A75A52C74BBE28B8DB56D65CE3F91F
2,W,0x33500680,0x0DAA55B56C74DBA9BB6DB61D960E3F91E
2,W,0x33500690,0x0D5A35B5AC84FB3B3B4DB65DA62E3FA20
2,W,0x335006A0,0x0D1A25C5DC850A5B9B3DA68DA63E3FA21
2,W,0x335006B0,0x0CBA25D5FC85183BBB1D969DA64E2FA22
2,W,0x335006C0,0x0C6A25D5FC8511FBDB0D76ADA64E2FA23
2,W,0x335006D0,0x0C1A25D5FC85233BFADD66ADA64E2FA24
2,W,0x335006E0,0x0B6A35E5FC85241BCABD669DD64E2FA25
2,W,0x335006F0,0x0A6A45E5FC95247B6A9D769E064E2F927
2,W,0x33500700,0x08F4303D59EB6AB00AA30A2C0289DB235
2,W,0x33500710,0x08C4601E69EC20400B139C2D23031C54A
2,W,0x33500720,0x0814821EC9DC53281B338CADE313ECF51
2,W,0x33500730,0x4823ED9CC83D92B329CDE43042D352
2,W,0x33500740,0x4800EB99CE43A1B39DCFE62C30D84F
2,W,0x33500750,0x08648ADE78FD245A9B1B3D0E525B0DB4B
2,W,0x33500760,0x09948BFE500D446B1AFB4D1E118C9DD48
2,W,0x33500770,0x0A347C8E309D647B5ADB0D2DA01D5DC45
2,W,0x33500780,0x0A946D0E118D647B6ADAAD3D683DBDA43
2,W,0x33500790,0x0AF45D4E120D647B6ADA4D5D596DCD741
2,W,0x335007A0,0x0B244D9E023D647B6AE9FD7D69FD8D43F
2,W,0x335007B0,0x0B444DCDF26D547B5AE97DAD6A3D3D23E
2,W,0x335007C0,0x0B544DEDF27D547B4AE8FDDD8A6CACE3D
2,W,0x335007D0,0x0B743E0DE29D447B4AF81E0D9A8C2CA3C
2,W,0x335007E0,0x0B843E1DE2AD447B4AF00E0D9ABB4C83C
2,W,0x335007F0,0x0B943E2DD2BD347B4AF05E1DAAD94C53B
2,W,0x33500800,0x0B4AB9F3B259EB595AE85CC69DBBC8198
2,W,0x33500810,0x0C697A9452D08AE8620AACE72DEBC0043
2,W,0x33500820,0x0D218AD4B313CB2014DB9C071D8C68253
2,W,0x33500830,0x0D52CB6503244B71C5EC0396FCAC79258
2,W,0x33500840,0x0D235C0513243B82767BD5A6CC3CC9B5A
2,W,0x33500850,0x0CE3EC3523345AB2F6DB16969C7D0A35B
2,W,0x33500860,0x0C543C253334D0833718E7366CECFA75A
2,W,0x33500870,0x0BD48BF5434532936731B7863D3C9AB58
2,W,0x33500880,0x0B34DBC5535552E3971257B61D5BFAE56
2,W,0x33500890,0x0A851BC563657283C6C257C5FD784B155
2,W,0x335008A0,0x0A153BD5737571E3D62227D5CD839B256
2,W,0x335008B0,0x09A55C0573755093E52207D59D749B357
2,W,0x335008C0,0x09856C2583853003F231B7D57D751B458
2,W,0x335008D0,0x09E57C35838518940C7177D56D653B458
2,W,0x335008E0,0x0A55AC558394B9641D4117E55D553B557
2,W,0x335008F0,0x0AA5CC65839469E41D7017E54D355B756
2,W,0x33500900,0x0CBBC48B1A6813FBF98D240BBB82DC6AA
2,W,0x33500910,0x0D3C05394A8014FC43ADA3AD1B72124C5
2,W,0x33500920,0x0D4C15708A21A56CA4DDE34DCB4005AD3
2,W,0x33500930,0x0CFC4573495395BCA55D833E3B1A564D9
2,W,0x33500940,0x0C0C7564796485FC25CCD38E8B2B462DC
2,W,0x33500950,0x0AAC85552A15161B564C141EBB3BF5DD9
2,W,0x33500960,0x09EC85455A95462BD69B246ECB4C35AD1
2,W,0x33500970,0x0DC75357B25664CE6BB04AECB6C460B3
2,W,0x33500980,0x28C75256B75865D76BAC4EEBB8C36341
2,W,0x33500990,0x39C65255BD5965DE69A951EAB9C26752
2,W,0x335009A0,0x41C55353C35A66E268A852E9B9C16957
2,W,0x335009B0,0x42C45352C65A66E367AC53E7B9C06B5A
2,W,0x335009C0,0x41C45351C85A67E465B054E5B9BF6B5B
2,W,0x335009D0,0x38C4534FCA5B67E565AD55E3B8BE6C5A
2,W,0x335009E0,0x2EC4534DCA5B67E7669956E2B8BC6C59
2,W,0x335009F0,0x26C4534BCA5C67EA670757E0B7BB6B59
2,W,0x33500A00,0x0C9433B9337C6B2A32E8D3033C8D3AD35
2,W,0x33500A10,0x0D3464EA53CCCBCAA01944B33D4DFC650
2,W,0x33500A20,0x0D70134B313D0C2B1B296513DD8E2CF55
2,W,0x33500A30,0x0D8D33DBBB3D1C4B4C1975150D8E4D253
2,W,0x33500A40,0x0D8E045C3C3D2C6B8C49F4759D6E5D546
2,W,0x33500A50,0x0DBE456C9C5D3C8BDC6A61860D1E6D733
2,W,0x33500A60,0x0DFE463CEC4D3CAC2C8ACC363C1E8D927
2,W,0x33500A70,0x0E5E46BD2C4D3CBC7CBB0D16407E8DB35
2,W,0x33500A80,0x0EAE371D3C4D3CBCBCDB2D26542E9DD48
2,W,0x33500A90,0x0EFE272D3C4D2CCCFCEB4D1664FE9DF53
2,W,0x33500AA0,0x0F1DF72D3C4D2CCD1CFB5CD6654E9E059
2,W,0x33500AB0,0x0F1DB71D3C4D2CCD2D0B6C96758E9E15D
2,W,0x33500AC0,0x0F1D66FD3C3D2CCD3D0B8C4675CE9E15F
2,W,0x33500AD0,0x0F2CF6ED3C3D3CCD4D1B9C1685EE9E160
2,W,0x33500AE0,0x0F2C46DD3C2D3CDD4D1B9BF6860E8E261
2,W,0x33500AF0,0x0F2BA6DD3C1D3CDD5D2BAB66961E8E262
2,W,0x33500B00,0x3212284FB001B8B4BBC5BF9A00B092C8
2,W,0x33500B10,0x38812C51AD96C2ADCAD3C79C25B799D2
2,W,0x33500B20,0x41012F4DB9B8BD95D2DACD9639BAB2DC
2,W,0x33500B30,0x4826304BC6C6AC07D4DECC8E37BAC2E5
2,W,0x33500B40,0x4B31314CD1D12E1CD2D7C78432BBCBE9
2,W,0x33500B50,0x4B35324DD5D85023C1BBC3003EBCD2EA
2,W,0x33500B60,0x4836334ED7DF60294243BF014BBCD5E8
2,W,0x33500B70,0x46353650D7E268315F55BC0554BCD7E7
2,W,0x33500B80,0x46373951D7E56D346959BB0C5ABDD8E7
2,W,0x33500B90,0x463A3B52D7E76D366E58BA115FBDD8E7
2,W,0x33500BA0,0x463C3C53D6E96C367055B81361BDD9E7
2,W,0x33500BB0,0x473B3E53D6EB69377051B61463BED9E8
2,W,0x33500BC0,0x47383F52D5ED6637704CB41664BED9E8
2,W,0x33500BD0,0x47323F52D5EF64376F43B21766BEDAE8
2,W,0x33500BE0,0x47214051D4F062376D44B01967BEDAE8
2,W,0x33500BF0,0x47004051D4F15E366B4BAB1A68BEDAE8
2,W,0x33500C00,0x0A6B2165E98B8BB9EB994B1462E003ABC
2,W,0x33500C10,0x0B1B90164B4CC823BC6A2B549260147BE
2,W,0x33500C20,0x0B3BF8E63B9D71953D0AAB6532C0E56C1
2,W,0x33500C30,0x0AEBCA261BBDF2755D4B2B65533155DC6
2,W,0x33500C40,0x0B0AD60BCE23245D7B4B4563C165ECA
2,W,0x33500C50,0x4100B25FBEE2392DDAB1AF5043135BCE
2,W,0x33500C60,0x5331B45EC0E2373ADFABA9B2460F57D0
2,W,0x33500C70,0x5B40B55DC1E22751E3A7A8E0470852D1
2,W,0x33500C80,0x5F45B65BC2E1A85EE6A6A6EC470449D1
2,W,0x33500C90,0x5E48B659C3E1C164E9A7A1F347023ED2
2,W,0x33500CA0,0x5D49B658C5E0C867EBA796F5470332D2
2,W,0x33500CB0,0x5C4AB556C8DFC76AEDA884F6470429D2
2,W,0x33500CC0,0x5A4AB554CBDEC06BEFA900F647052ED2
2,W,0x33500CD0,0x584CB452CEDDB36BEFAA0CF6470733D2
2,W,0x33500CE0,0x554DB450D1DCA46BF0AA1AF6470937D2
2,W,0x33500CF0,0x514EB44CD3DC166BF0AA23F5470B41D2
2,W,0x33500D00,0x0B9603161280B308146C78BC05B344A44
2,W,0x33500D10,0x0BC66386343B2382553BE8DC93F424C39
2,W,0x33500D20,0x0BC6C3C6352D13F2D53A78FCBB04B4A2A
2,W,0x33500D30,0x0CC713E6258DC3F2A531400CAD1514800
2,W,0x33500D40,0x0D3743D605DD93C0E522321CAD05246A5
2,W,0x33500D50,0x0D2773D5D60D637A4532730CCBA5246B1
2,W,0x33500D60,0x0D07B405A61DA33B7583436CE195247B3
2,W,0x33500D70,0x0CB7D435861DE30C15F403CD038524AB2
2,W,0x33500D80,0x0C67F445861DF2CC5644A3FD131524CB0
2,W,0x33500D90,0x0C17F465861E02AC9695240D128514EAD
2,W,0x33500DA0,0x0B87F475861E228CB6E5841D2195150A7
2,W,0x33500DB0,0x0AA7F485861E327CD715D41D2865051A1
2,W,0x33500DC0,0x08C7F485861E527CE716142D29E505295
2,W,0x33500DD0,0x37F495861E726CE726242D29A4E5281
2,W,0x33500DE0,0x177F495860E826CE726342D3004B5301
2,W,0x33500DF0,0x1E7F495860E826CE726442D31C485319
2,W,0x33500E00,0x31A5460042C93447BC2CCE323756BECB
2,W,0x33500E10,0x3E8161054AD64647C23BE149405DC3D2
2,W,0x33500E20,0x451562104ED2524AC649E654445DC2D3
2,W,0x33500E30,0x462A5D194F2B564BCC51E65A435CC0D4
2,W,0x33500E40,0x48334F23505F554BD356E55E405BB8D4
2,W,0x33500E50,0x4B3529265068554AD759E360395BB5D4
2,W,0x33500E60,0x4F33A52A516A5245DB5ADE61305BB4D3
2,W,0x33500E70,0x5233013050694A37DC5BD561115CB4D3
2,W,0x33500E80,0x533A433350684217DD5BD161A95DB3D2
2,W,0x33500E90,0x5341563550673E98DD5ACE61C15FB3D1
2,W,0x33500EA0,0x5345603750663BABDD59CE61CD5FB3D1
2,W,0x33500EB0,0x5348653850663AB2DE58D161D55EB4D1
2,W,0x33500EC0,0x534B683850653DB7DE58D261DB5BB4D0
2,W,0x33500ED0,0x534E6939506440BCDD57D061E057B3CF
2,W,0x33500EE0,0x53506939506344C0DE56CF61E352B2CF
2,W,0x33500EF0,0x52526A3A4F6146C0E056D061E548B0CE
2,W,0x33500F00,0x0AAC1B0BDBAA05AC4A000B1CCA6C2CF30
2,W,0x33500F10,0x0BABFA4C7C39D57D1A401B4C2A6D0E1C0
2,W,0x33500F20,0x0BBB198A1CA0053D6A320B70DAED3E4D3
2,W,0x33500F30,0x0B20EA247D12E55D89E31B951BCD4E5D9
2,W,0x33500F40,0x08738AF5FD54255DA823CBA5CCBD4E5E1
2,W,0x33500F50,0x2845B269DA4854DB1642BC5DD3D3E3EB
2,W,0x33500F60,0x3847AE6DDF4653DE2B44BD5AD6D2DEF2
2,W,0x33500F70,0x3D41A36CE23E55E03445BE56D5D2D5F4
2,W,0x33500F80,0x3F24986AE42D5ADE3846BF55D1D2CBF5
2,W,0x33500F90,0x3FA8916AE6005EDC3B46C055CCD2BEF5
2,W,0x33500FA0,0x40BD8D6BE8AB5ED93D45C157C7D2A6F4
2,W,0x33500FB0,0x40C48A6AE9B75BD73E45C157C4D209F3
2,W,0x33500FC0,0x3FC5846AE9BD57D54044C157C2D32DF2
2,W,0x33500FD0,0x3DC38168EAC255D24042C157C2D338F0
2,W,0x33500FE0,0x39BF0068EAC753CB4142C158C3D440EF
2,W,0x33500FF0,0x37B70A67EBC856C74241C257C4D443ED
2,W,0x33501000,0x4EC1CBC2F4B7D4665FC5E13150D53920
2,W,0x33501010,0x50C6D0C4F4BCD5665CCDE13252D5291B
2,W,0x33501020,0x51D0D3C4F4C1D56759D7E13353D5A012
2,W,0x33501030,0x52D3D6C2F5C2D56655E2E13453D63200
2,W,0x33501040,0x52D3DBC6F5C3D66652E8E03452D64900
2,W,0x33501050,0x52CEE1BAF4C6D66445ECDF3651D66113
2,W,0x33501060,0x4FC2E73CF3CAD561BBEADB384DD76230
2,W,0x33501070,0x4781E84FF0CED55CE1E7D7394CD7684A
2,W,0x33501080,0x3740E528EBBCD352EBE5D13852D27057
2,W,0x33501090,0x09651E4C2E681D138EAE3C73253946C60
2,W,0x335010A0,0x0BB4FE4DAE2C7D0ACE7DEAE2154526361
2,W,0x335010B0,0x0C551E6E3E0D2C9C3E6DD388151624157
2,W,0x335010C0,0x0CB55E8E7DDD0C3CDE7DD4BA74C68AF41
2,W,0x335010D0,0x0C55CE9E7D9C1C1D4E8DA4BB7476CD1BA
2,W,0x335010E0,0x3062EAE4D431C9D8E8D736C2426BD9D2
2,W,0x335010F0,0x5163EAE2CD52D3D5E7D4C0C63A69DBDF
2,W,0x33501100,0x0C2BA64C15D213EF2B93D57B63C4C6944
2,W,0x33501110,0x0C1BA64C15D213EF2BB3B57BB3B496B44
2,W,0x33501120,0x0C1BB63C15D213FF2BD3856C43A456B44
2,W,0x33501130,0x0C0BB5EC05C213FEFBE3656C839416744
2,W,0x33501140,0x0BEBB57C05B213FE6C03356CC363C6343
2,W,0x33501150,0x0BBBB52BE5A213F00C12C55AA32345C40
2,W,0x33501160,0x0B8BB48B758213E5BC3115300211E4A29
2,W,0x33501170,0x0BABA239456213854C6964C37A1A702B4
2,W,0x33501180,0x0C2B7302E512113BCC7813F4FBEBECDC7
2,W,0x33501190,0x0C6B3371D4D21C2D4C40F2855C2BBD8C7
2,W,0x335011A0,0x0C6AF47A5451ED4D7C02C005DC2BCD5C2
2,W,0x335011B0,0x0C9A659B8411AD9E3BC300062C8BED7C2
2,W,0x335011C0,0x0CE9861C23610D8E6BB998165D0BFD7C2
2,W,0x335011D0,0x0D38163C62600D6E2BCCF8968D4BFD7C0
2,W,0x335011E0,0x0D80162C89996D2D4B7E38D68D9C0D4B5
2,W,0x335011F0,0x0DC3156C7BCA7C9C493F00567D8BDCFB6
2,W,0x33501200,0x0D06027D1D55A5967555DCF4FA6836A5A
2,W,0x33501210,0x0D06329BDD45A5A675664CD4EA2006A5B
2,W,0x33501220,0x0CF652AC8D2595B685668CC4D9C016A5C
2,W,0x33501230,0x0CF652BC5D1585D68556BCA4C9B206A5C
2,W,0x33501240,0x0CF662A9CCF555D68586DC64B9E386A5C
2,W,0x33501250,0x0D06A2556CA525868566FB949A345695C
2,W,0x33501260,0x0D26A123AC04C536753709F47A84B685B
2,W,0x33501270,0x0D76F88D0212C52675270AE44AF4E665A
2,W,0x33501280,0x0DE6497C94BCB53664F71A243B04E6455
2,W,0x33501290,0x0E153ABC955D849664570B142B7486243
2,W,0x335012A0,0x0E141A4D059D8A563CA70C441C1235CB6
2,W,0x335012B0,0x0DF310DD25CDAC161D16FD240C6C252C7
2,W,0x335012C0,0x0DB0C3BCD5ED6B75C216DD842CCD244CB
2,W,0x335012D0,0x0D7884BC65FC430525A69DA45D1D89DCD
2,W,0x335012E0,0x0D39751BA610050346665D849D4DBD8CD
2,W,0x335012F0,0x0CF004B81621E5A81695ED655D3DDE6CA
2,W,0x33501300,0x64DBDDC060436E544E51D4C092C83FE1
2,W,0x33501310,0x64DBDEC0613D6F59504CD4C092BD40E1
2,W,0x33501320,0x65DBDEC062346D605246D4C092B441DF
2,W,0x33501330,0x65DBDFC063236C635342D4C093B742DD
2,W,0x33501340,0x63DBDEBF64006962543FD4C093B442DE
2,W,0x33501350,0x62DBDDBD65AE6751533ED5C0933443D9
2,W,0x33501360,0x5CD9D9B866C160535040D5C2955844C7
2,W,0x33501370,0x50D7D7AD68CB565B4541D4C4975348AC
2,W,0x33501380,0x29D2D5A16ACA4D4AA035D3C4994445D2
2,W,0x33501390,0x0B5D2CC906CB63B57C601D3C79AB62CCF
2,W,0x335013A0,0x36E1B4A86E41A145C9B8D7CB9BC6B331
2,W,0x335013B0,0x51E6A0BC6E4DC0B4B8C8DACE9EC4BD45
2,W,0x335013C0,0x58E893C66B4FBDD4B5CCDDD0A4BBB940
2,W,0x335013D0,0x5EE588CB654DA6D7C6CFE0D2AAB3B84A
2,W,0x335013E0,0x60DD0AD0614A01D0D5D1E2D4B119C05C
2,W,0x335013F0,0x5AD52CD35A4712BCDED2E4D1B752C461
2,W,0x33501400,0x3C3149E530BD4EE4BEA470C381434650
2,W,0x33501410,0x46304AE52EBC4CE3BEA370C4BA434650
2,W,0x33501420,0x4F2E4AE42BBA4BE3BEA270C4CA434251
2,W,0x33501430,0x552C4CE229B84AE3BFA070C3C4423952
2,W,0x33501440,0x5A2B4DE126B44AE3BF9970C3C2422652
2,W,0x33501450,0x5C294DD524AE47E2BF8D6FC4C3410054
2,W,0x33501460,0x602751C221813EE0C0016BC42E41A055
2,W,0x33501470,0x622653AC213524D7C12062C84642A356
2,W,0x33501480,0x571F56D3254A91C6C23754CD3F47C657
2,W,0x33501490,0x09B0752D8284FB2BDC53F43CFC34DD157
2,W,0x335014A0,0x0D09429D82E4CC2CACB3D43D0DB51C457
2,W,0x335014B0,0x0CFB4ACD6354ACCCDCF3A4AD0E2521355
2,W,0x335014C0,0x0C2CBB6D83C46D3D0D1344CD0E7545055
2,W,0x335014D0,0x7D6C1D93F40D7CFD21C4BCBEA575D53
2,W,0x335014E0,0x42DCC2D43C24D6A6D3AF4ABEED575D50
2,W,0x335014F0,0x52D6C4B332B5C93BD2C94524EE544C45
2,W,0x33501500,0x6900E22CDB23C847D8CC2CDE5C62E8BE
2,W,0x33501510,0x6800E136D929C848D8CE29DF5D61E8C1
2,W,0x33501520,0x6800E13CD82DC84AD8CE26E05D5EE8C3
2,W,0x33501530,0x6801E140D832C94BD7CE24E15D58E8C7
2,W,0x33501540,0x6801DF41D836C84CD7D123E15E4DE8CF
2,W,0x33501550,0x6717DA42CE3BC04DD7D615E25E33E8D6
2,W,0x33501560,0x672DD042C8402C4DD5DCACE35EADE8DF
2,W,0x33501570,0x6743B93AC641444CD3E2C7E35EC6E8E2
2,W,0x33501580,0x665301A79D41B547CAE9D9E15DD1E8E3
2,W,0x33501590,0x665141D19041C941BBF0E2DB5BCFE8E3
2,W,0x335015A0,0x66464DD9A340C53DA6EED9D059C1E8E3
2,W,0x335015B0,0x663851D6B441C13985E5C6C15681E7E4
2,W,0x335015C0,0x652751CFAC46C73581D635A55241E7E5
2,W,0x335015D0,0x640151C7184AD1319AB853424952E6E5
2,W,0x335015E0,0x639E4EC63947D823B143584E3D58E5E4
2,W,0x335015F0,0x62AD4AC83E36DF22BFA153462C5BE4E2
2,W,0x33501600,0x081A65E5FC9534BABA7D968E264E1F928
2,W,0x33501610,0x21A85F5FC9534D81A5DD68E263E1F82A
2,W,0x33501620,0x33AA5F60C9534F30A4E168E263E1F72B
2,W,0x33501630,0x40AC6061CA535039A2E368E263E0F52D
2,W,0x33501640,0x48AF6062CA545117A0E567E162E0F32E
2,W,0x33501650,0x51B16063CA5450959CE163D462DFED31
2,W,0x33501660,0x55B36066CA544EB396D8551E60DEE933
2,W,0x33501670,0x5BB65E6ACA5348BC87E04D505CDCE731
2,W,0x33501680,0x5FB75B70CE503CBC01E2455156D6E424
2,W,0x33501690,0x60BE5972D2462ED021E43A4D51CADF00
2,W,0x335016A0,0x5BB95970D63F35DB30E2C2424EA9CCA7
2,W,0x335016B0,0x55D2596BD52847E339DCD3384D9591C2
2,W,0x335016C0,0x51DC5867CFBB53E341D7D0454EB529D2
2,W,0x335016D0,0x51E0575CBAD457DC46D4B6434DC224D7
2,W,0x335016E0,0x51DD5637B1E054CD4BD140314DC500D4
2,W,0x335016F0,0x4FD857C8C8E54BB451CD51A94B81B0CE
2,W,0x33501700,0x0BA43E3DD2CD247B3AF11E1DAAF01C33B
2,W,0x33501710,0x0BA43E4DD2DD246B3AF15E0D9B121C139
2,W,0x33501720,0x0BB42E5DC2DD146B2AF1CDFD7B231C037
2,W,0x33501730,0x0BA42E6DC2ECF45B2AE23DCD4B340C133
2,W,0x33501740,0x0B642E7DC2ECB45B0AE28D8CFB44AC127
2,W,0x33501750,0x0AD41E4DB2FC942ADAE32D1C2B550C201
2,W,0x33501760,0x163ED5DA30C839A6AD41BB0EB74FC3A7
2,W,0x33501770,0x3F35B7D930C31DA1AE493735BA4AC4BF
2,W,0x33501780,0x4F264AD62FBFB100AF51B341BE40C5CB
2,W,0x33501790,0x582449D328CEC509AF57B751C100C7D1
2,W,0x335017A0,0x5B282CD01DD4CA22B05ADC4FC4CBC3CA
2,W,0x335017B0,0x5B26B3CA19DBCD2EB15DE241C7D6B2B3
2,W,0x335017C0,0x5627BCC41EE3CE33B260E642CADB9800
2,W,0x335017D0,0x5531ABB21FE4CA31B360EA48CDDC0333
2,W,0x335017E0,0x563AA63120E8BF2AB460ED47D0DA2844
2,W,0x335017F0,0x5141005420EAA930B55FEB37D1D8384E
2,W,0x33501800,0x0AB5EC6583A41A242DA827E53D356B955
2,W,0x33501810,0x0A660C6583A38A543DA9D7E52D158BC55
2,W,0x33501820,0x0A462C6583B32A745D7AA7E51D05EBE54
2,W,0x33501830,0x0AD62C4573B2DA946D7B37E50CE63C151
2,W,0x33501840,0x0B563C4573C24AB46D6BF7E4DC966C34A
2,W,0x33501850,0x0BA64C5573C00AD45C9CB7E4BC369C645
2,W,0x33501860,0x0B866C7513EA5B2421CD67E48C06BCB40
2,W,0x33501870,0x0AF65D43E40A7B9373BE07E43B96ECE36
2,W,0x33501880,0x0A064E39A438DC41F4AE57E3ABE6FCC3A
2,W,0x33501890,0x4361E9C046B6C9ABB6E57E2BCD68CC3F
2,W,0x335018A0,0x3A58EBCF48CACBCBE0E47E95DB62CE13
2,W,0x335018B0,0x234AEAD14BCDCBDBE9E57DBBE35ED6C2
2,W,0x335018C0,0x0B933E9D54DC5CAE1F1E57DC8E75CDCCB
2,W,0x335018D0,0x0CEA0E8DA50BAC8E1F1E47DCFE758E086
2,W,0x335018E0,0x0D3BAE7DA51B3C5DEEDE37DCFE356DC52
2,W,0x335018F0,0x0CECEE6D852B2C2D5E8E27DC4DA58D260
2,W,0x33501900,0x13C35349C05E67EB673459DEB7BA6A58
2,W,0x33501910,0x08CC35348B25F67EE66425CDBB7BA6857
2,W,0x33501920,0x0A8C25247B96166F0644A60D8B7B96558
2,W,0x33501930,0x0AAC25247C96266F1615062D4B7B96357
2,W,0x33501940,0x0ABC25247D66365F35C5263CBB8B95B53
2,W,0x33501950,0x0A6C15249DD6364F350546489B8BB5649
2,W,0x33501960,0x0B1C15249E96463F23255644CB9BE4531
2,W,0x33501970,0x0C3C04F4DED6361F3A15A6457C4C044C0
2,W,0x33501980,0x0D6C13A56ED6360F2D55B5C57D0C243D4
2,W,0x33501990,0x0DEC7C35EEA625DEDDC4E5153DAC6B5D9
2,W,0x335019A0,0x0DBCAD45DE55F59E5DFB03655DECCDBD7
2,W,0x335019B0,0x0D7CDD759E25452DEE4D3B754DAD0E1D6
2,W,0x335019C0,0x0D4CBDB55E03243D9E5D5C951D5D3E2D4
2,W,0x335019D0,0x0D1C3DD50DDC824D1DED2CF4DD2D5E0D0
2,W,0x335019E0,0x0CD9FDB45D6D9AD18D0D1CE44D2D5DFCC
2,W,0x335019F0,0x0CE39D887CDD7B84DBBD5CB1DD7D0DFCE
2,W,0x33501A00,0x0F2B06CD4C0D3CDD4D2BBB06961E8E262
2,W,0x33501A10,0x0F29D6BD4BED3CDD4D3BCAF6A61E7E262
2,W,0x33501A20,0x0F2176BD5BCD3CDD4D3BDB16A61E7E262
2,W,0x33501A30,0x0F23A6CD5BBD4CDD3D4BDB06A61E6E262
2,W,0x33501A40,0x0EC416CD5BBD4CDD3D4BEAF6B61E5E261
2,W,0x33501A50,0x0E03A6CD6BED4CDD2D4BDAB6A61E4E261
2,W,0x33501A60,0x0D62969D5C3D4CDD1D5A7AB6A61E2E25D
2,W,0x33501A70,0x0DC0B65D5C7D2CDCDD63B916861DDE257
2,W,0x33501A80,0x0DCAB56D4CACECCC1D75646675CD5E155
2,W,0x33501A90,0x0DB9FB7D0D1C7CB93D466576655CDDA40
2,W,0x33501AA0,0x0CC3DDAC7CDC8CA2ECE6E62644DAFD100
2,W,0x33501AB0,0x0BA48D6B3C9CECA44C97366623E32B522
2,W,0x33501AC0,0x09F51D342C0CFCC4FCA76685FA0473531
2,W,0x33501AD0,0x1358D55901CECF52D079695AC4525126
2,W,0x33501AE0,0x2E64D86343C8D252D27A6951D0595C01
2,W,0x33501AF0,0x336DDD664CBED44FD1796734D2605CA1
2,W,0x33501B00,0x47A84150D3F25A366955A61C68BEDAE7
2,W,0x33501B10,0x47B34150D2F35535685FA01E68BEDBE6
2,W,0x33501B20,0x46BC424FD1F351346961962068BEDBE5
2,W,0x33501B30,0x46C2424ECFF44D326A61972168BEDBE2
2,W,0x33501B40,0x48C8424CCBF54B306B64952268BDDCDD
2,W,0x33501B50,0x49BB4349C6F54C296A61A22368BDDDD5
2,W,0x33501B60,0x49244445C5F64B0F685F8E2567BDDFC9
2,W,0x33501B70,0x44414545C7F649A76663232866BEE0C4
2,W,0x33501B80,0x314C464FC0F435B965598A2A66C0DDCB
2,W,0x33501B90,0x35564958C9F301C362B1BD2E66C0D5CF
2,W,0x33501BA0,0x225C4C62C8EF9DC75FD6C53166BFCDB9
2,W,0x33501BB0,0x5B5063B9E2B5C959BAC73465C1C1A1
2,W,0x33501BC0,0x09E525164B5CBC3CA5341CA3663C495A9
2,W,0x33501BD0,0x0B1285465B831C4CB4757D13761C936B3
2,W,0x33501BE0,0x0BEB75866BD51C7CC2A58D5375BD042BA
2,W,0x33501BF0,0x0C9BB5E63C15AD1CBC052D9354FD531C1
2,W,0x33501C00,0x4A50B348D6DC206BF0A829F5470D44D2
2,W,0x33501C10,0x4150B344D8DB2B69F0A631F5470F43D2
2,W,0x33501C20,0x2C50B340DADB3168F0A535F5471141D2
2,W,0x33501C30,0x0854EB339DADB4467F1A239F4481248D2
2,W,0x33501C40,0x0AF4BB232D8DA4968F19E3DF1481352D3
2,W,0x33501C50,0x0A244B124D7D8556BEA9644E3471355D4
2,W,0x33501C60,0x0813AAF81D6D25A6BE4924E38451555D6
2,W,0x33501C70,0x09425AAA9D5945368DB945451421549D8
2,W,0x33501C80,0x0D09892ADD3525461C892465140132BDB
2,W,0x33501C90,0x0D9071BA9D45F545CDA92BBCD480ED4E0
2,W,0x33501CA0,0x0E03B258AD7645359E0AAB4E34909D6E2
2,W,0x33501CB0,0x0E5478113D9645156E5AB24E63B0FDCE3
2,W,0x33501CC0,0x0E94EA929DA644D51EC2939E82C15E2E2
2,W,0x33501CD0,0x0EA529637D6623146F14B3BE63C1BE6E1
2,W,0x33501CE0,0x0E8523745C95FC038F25836DD4C20E4DF
2,W,0x33501CF0,0x0E54E4D4BB058D600F1602CCE5525D9DC
2,W,0x33501D00,0x1E7F495860E926CE716542D330445425
2,W,0x33501D10,0x117F495860EA26CE716541D3393C5430
2,W,0x33501D20,0x0977F485860EA26CD706740D244385535
2,W,0x33501D30,0x0B87F475760EA25CD6E673ED251375538
2,W,0x33501D40,0x0C27F465660EA24CC69653BD05744563D
2,W,0x33501D50,0x0B67F455460E61ECB626135CB5E555741
2,W,0x33501D60,0x0907F43505FE101CC565406C564585843
2,W,0x33501D70,0x0AB7F3F455BD9A8D24444B7BB67575841
2,W,0x33501D80,0x0C77E3A3151D4B8D3351BBA0D6254573D
2,W,0x33501D90,0x0D47D39143CD630D241D5B72C48475320
2,W,0x33501DA0,0x0DD7C38A2B4D752D043E2B615D40049B4
2,W,0x33501DB0,0x0E37C40B9CFD55AC948E4BCB4C8D13DBF
2,W,0x33501DC0,0x0E37B48C4D9D362C653E4C2CCC3DF21BD
2,W,0x33501DD0,0x0E07B4BCBDFD367C35CE7C3DBD0E3ACAB
2,W,0x33501DE0,0x0D77B35D1DED46BC061EAC3E1D4E2C68A
2,W,0x33501DF0,0x0CF7AD4D3D7D56BB861E8C3E1D1E2D7A7
2,W,0x33501E00,0x52536B3A4F6048BCE156CE61E73BACCD
2,W,0x33501E10,0x52556A3A4F5E49BBE156CC61E815A4CD
2,W,0x33501E20,0x5256693B4E5B4AB5E256C661E8A594CC
2,W,0x33501E30,0x5157673C4E594B93E256B961E9AF11CB
2,W,0x33501E40,0x515764404D594A2FE3560761EAA32DC9
2,W,0x33501E50,0x515763434D584748E4573061EA013BC7
2,W,0x33501E60,0x5155604A4B5B3B57E4571760EC2546C2
2,W,0x33501E70,0x4F595A504A5E185DE355B35FEC3951A9
2,W,0x33501E80,0x4C625450465AA255DC52915BE842573B
2,W,0x33501E90,0x4B65294A423AA730C7578553E741584D
2,W,0x33501EA0,0x4964D24D43AC07C8355DC449E3075243
2,W,0x33501EB0,0x4664DC4B47C63DCD5459D541DF224E1C
2,W,0x33501EC0,0x4463E04547D646C15D52E136D55450BF
2,W,0x33501ED0,0x4561E14344DF452D6043E628BA5F57D6
2,W,0x33501EE0,0x455FD6403FE129435D37E8002A4E60E3
2,W,0x33501EF0,0x425AC1283AE0C6485331E7A7424062EB
2,W,0x33501F00,0x36AE1C67EBC756C04240C257C3D546EC
2,W,0x33501F10,0x32002967ECC256B6433FC256C0D648EA
2,W,0x33501F20,0x30053467ECB555BB443DC254BCD649E9
2,W,0x33501F30,0x26213A67ECB851A3443BC251BFD649E9
2,W,0x33501F40,0x52D4069ECC044024537C24CC3D64AE9
2,W,0x33501F50,0x40436CED94464D4730C244C4D74AE9
2,W,0x33501F60,0x0B04C476DED4029514927C238C7D84DE5
2,W,0x33501F70,0x0CB914764ED5324444C23C38AC5DE51DE
2,W,0x33501F80,0x0CCA13E53EE5D1C4B4E1EC2B527E552DA
2,W,0x33501F90,0x0B8B2A941EE6224AD4EA2B7B253E755D7
2,W,0x33501FA0,0x0A917CFA6EE6228C24FC8A6C35DE758D9
2,W,0x33501FB0,0x0A920CEC1EE5EAABD4FD281C760E45BDD
2,W,0x33501FC0,0x09219C9C3ED56CE094FCD15C861E15CE4
2,W,0x33501FD0,0x0A023C6C2ED4ADE494BB925C962CA5DE7
2,W,0x33501FE0,0x0B542C4BBEC01E2563AA734CC61175BE6
2,W,0x33501FF0,0x0AB52C3B8ECD8DD5FB1B635D0603758E2
2,W,0x33502000,0x585EEAE0C65FD7D2E4D2CAC53066D7E4
2,W,0x33502010,0x4348EAE0C163C9D3DBD3B7BE2162A1E7
2,W,0x33502020,0x0D9ADEBE0BD632BD8C7D400AF005F51E7
2,W,0x33502030,0x0E5C8EBE1BB5E39DDB8D40000AF5858E8
2,W,0x33502040,0x0E5CAEDE0B65988E196D59F2CC15054E9
2,W,0x33502050,0x0DDC1EEDD9A5A87E3A2D8AF3AC9374BEC
2,W,0x33502060,0x0C200EFD73C5BCCE2B9E0CF50C4B98EEE
2,W,0x33502070,0x143DE9CF5160D1E0BEDFDE5833D2D3EA
2,W,0x33502080,0x0B047E4CA5363D1DB00D0E05C55D3DEE5
2,W,0x33502090,0x0C847D8CA5467D3D7A291DF5D62CDD8DE
2,W,0x335020A0,0x0D445B0CC556AD5D52527D95E66B2C2CC
2,W,0x335020B0,0x0DA4941CC5667D7D944B3CE5F63443936
2,W,0x335020C0,0x0DF473ACD5852D9DE54D0AA61575C4553
2,W,0x335020D0,0x0D70089D059C7D7E05FDA186324644054
2,W,0x335020E0,0x37A5C8D259D9D4DE5EDD3162C3658150
2,W,0x335020F0,0x5A0ED6CA5ADACED55ADC375FD162C745
2,W,0x33502100,0x0DF422BC1CEADADB91FF53366D6B9B9C5
2,W,0x33502110,0x0E154C512D6B04AAD13F84E63D4B53AD6
2,W,0x33502120,0x0E15ECF44D8B0612A01F9585DD0A64EDF
2,W,0x33502130,0x0E060C946CCB06A3720F65A51CA0055E2
2,W,0x33502140,0x0DF60B74417B170B329F05942C80E5EE3
2,W,0x33502150,0x0D86016434FB271B222E3533BC61C61E2
2,W,0x33502160,0x0CC5A1A4051B56C261ED12746C13357E0
2,W,0x33502170,0x0C6548C3551B9615142C2C246B24B4FD9
2,W,0x33502180,0x0C351B43A52B9334860B5CE46B45447DB
2,W,0x33502190,0x0C24EC23651B9D63067A8D248B9543DE1
2,W,0x335021A0,0x0C14ACE284CB9E0A56800D04BBE5036E5
2,W,0x335021B0,0x0C043D50E3BB8DDC5622AC64DC33E28E9
2,W,0x335021C0,0x0BA2ADA89BFB9CCD05040A34BC7A117EB
2,W,0x335021D0,0x0B2BAD5A3DEBB37CB174C3352C9C312EB
2,W,0x335021E0,0x09CD2CE9FE6BF52B7C2474657CCCC0FE8
2,W,0x335021F0,0x096DFC701DEC1589ECEC14D59D2D120E2
2,W,0x33502200,0x0CD353B34628160A56450D662D0DEE9CA
2,W,0x33502210,0x0D344004563945DAD5381D66AC9DEE8D3
2,W,0x33502220,0x0DB3BAC4C62264AB73AD0D56EC3DCE6D6
2,W,0x33502230,0x0E0B1B94E624A01C23FDAD46ABDDDE3D2
2,W,0x33502240,0x0E1C9C047605C3AC622DAD466B7DEDBC9
2,W,0x33502250,0x0E1BFC5AB5D614DC72CD5CF64B2DCC7A3
2,W,0x33502260,0x0E046CAD9586545C64CD1C861A7D2464A
2,W,0x33502270,0x0DDA1D1E35D6691C052C1D75A30C15A58
2,W,0x33502280,0x0DC2DD5E2625D28B23DA3E05741C15F51
2,W,0x33502290,0x0DF50D8DF634D339B901EE35147D65F3B
2,W,0x335022A0,0x0E247D8E0622B2C81C128E1434AE15B00
2,W,0x335022B0,0x0E547D8E061B0B181D218DA1647E35222
2,W,0x335022C0,0x0E651D6E15AC6C6C1D3AAD0B442E24358
2,W,0x335022D0,0x0E550D4DF46D1C3D6C4C1C3C333D73365
2,W,0x335022E0,0x0E44BD6DAC4C199DC41C3B9C90CC81A68
2,W,0x335022F0,0x0E349DDD9D3B545DC5AC1B5CAA4C52B69
2,W,0x33502300,0x4EC735CF54459C36E2CDE7CFBD5EC960
2,W,0x33502310,0x4AC334004E43B942E397E9C8C061D15A
2,W,0x33502320,0x51D12A564838C614E054E9C4C160D354
2,W,0x33502330,0x53DD00634502D1A5DA5CE9C1BE5AD33F
2,W,0x33502340,0x52E5B16543B2D724DA5FE9C6B945D4AD
2,W,0x33502350,0x47E9C2623FC6DBABE064E6CFB3B6D4BC
2,W,0x33502360,0x30E3C96114D4E150E169E2D5ADBBD7B4
2,W,0x33502370,0x08ED6C059A7DBDD53DE69E0D4A2C9DAC3
2,W,0x33502380,0x0911EA0519FE0D957DA64D6B292C5DDC5
2,W,0x33502390,0x09C07344111E0D74AD45EC629001EDFC0
2,W,0x335023A0,0x0CA451C40D8D435C7539733125DDFA8
2,W,0x335023B0,0x17D645BE52CFCBA700014111236ADE37
2,W,0x335023C0,0x42DF39CF56D0ABC252D453B13069D850
2,W,0x335023D0,0x55E081CF5BD64AD256E152C13365CF58
2,W,0x335023E0,0x60D2BFC85CDC56DA51DD4AC63660BF5D
2,W,0x335023F0,0x6220CCC25DDE59CD45D238CA3753B05C
2,W,0x33502400,0x5EC7C35417C7B52ACFD8484BEA502034
2,W,0x33502410,0x6901C0648BD1C6A5CADB4D58E149AA11
2,W,0x33502420,0x6F44A856A4D3D6B3C7C74D5EE045AD87
2,W,0x33502430,0x6E4F29E0B2D1DEB8C73E5361E7408198
2,W,0x33502440,0x685132ECB8C8E1C5C8535662EA3B29A4
2,W,0x33502450,0x5F4D30ECBEA6E2CBC7575062EA2933A7
2,W,0x33502460,0x514A3DE5C249E4B8C6590060E78126B7
2,W,0x33502470,0x535144E4BD4FE304C8520156E0A792A2
2,W,0x33502480,0x4F5546DFB450DD1AC844814AD4B2C017
2,W,0x33502490,0x435849D7A350D6B1C53F2535CB91D02A
2,W,0x335024A0,0x1B5B4CCF054DD3CBC23E40A2C536D735
2,W,0x335024B0,0x0B85E4DC63147D5DBBC4551BDC645DA3A
2,W,0x335024C0,0x0C35E49C74340D8E2B65155C3D74BCC39
2,W,0x335024D0,0x0BB5930D24833DBDBB55654C4E7484F37
2,W,0x335024E0,0x384EBFDB4424D5B8B85753C3EB2D5942
2,W,0x335024F0,0x573FD6DB370CA4A0BA5351C1E7BD434B
2,W,0x33502500,0x61B247CB329BE237C7CE4B35165BE3E0
2,W,0x33502510,0x5DB546D181BFE64CD3DD489D0057E1DA
2,W,0x33502520,0x59BF45D6C2CEE454D7E33CC7014CDDD2
2,W,0x33502530,0x55C644DAD3D4DE56D7E325D52E39D9C2
2,W,0x33502540,0x53C244D4D0D9DA57D6DE43DA4294D400
2,W,0x33502550,0x508145BFBCDDD357D8D656D94EC7D040
2,W,0x33502560,0x4C3244C934E1AC56D9D24FD351D7C74A
2,W,0x33502570,0x4B1241D843E44153D8D152D151CFBA53
2,W,0x33502580,0x4BAB3FDC43E54852D4CE4FCF4F8AA858
2,W,0x33502590,0x4BB63CDF4BE33451D1CE24CC4C40005B
2,W,0x335025A0,0x4CB935E251E1B951CCD1C3C947352F5C
2,W,0x335025B0,0x4E9B2AE457DDCB51C7D2C9C94100405D
2,W,0x335025C0,0x503801E358D7D051C2D4D5CD34004D5B
2,W,0x335025D0,0x513D9FDD4CCFD251C0D4D7CFA0525559
2,W,0x335025E0,0x5236B0D740B7D249BED1C8BFBE605A58
2,W,0x335025F0,0x512BB7D41027D122BEBB2926C4615F57
2,W,0x33502600,0x4AD057DCD2E8342355CD58C24A4DBFD0
2,W,0x33502610,0x4BBB56DAD3E5AE4259D159D04D56B6DD
2,W,0x33502620,0x48B155B5D7E1CA515CD344D8555700E3
2,W,0x33502630,0x3DC15352DAE0D45260D5C6DC5D5336E5
2,W,0x33502640,0x1C45159D8DED74D62D6D9D761524EE5
2,W,0x33502650,0x0BEC84E53D3DCDB5A63D5D9CD63515BE4
2,W,0x33502660,0x0D8C84B29D2D4E46165E0C04363445DE1
2,W,0x33502670,0x0DEB74BCCC3CDE24167E8C655622D57E4
2,W,0x33502680,0x0C3814DD5B5BBDAC168ECCC5B620A56E7
2,W,0x33502690,0x3C404FD5A32AD3D369EFD35860A652E8
2,W,0x335026A0,0x4C4E51CA004BC8DE6AEFDB525DB649E9
2,W,0x335026B0,0x494F52CD2153B5E56CEDE84D5AB746EA
2,W,0x335026C0,0x143D50D3945243E76EE7F24456B743EA
2,W,0x335026D0,0x0CC1E46D9BE4365E86FDEF04453B411EA
2,W,0x335026E0,0x0DC9737DCC3886FE470D9E54951B890E9
2,W,0x335026F0,0x0E1B538DEBDC371DE70DED6554DC096E6
2,W,0x33502700,0x374335621AE99134B75DE9AAD3D73C49
2,W,0x33502710,0x0A1453B6801E4B338B958E6CED5D436A3
2,W,0x33502720,0x0A042286996E39A3DBB51E1D9D8D121D7
2,W,0x33502730,0x09F40BC68A7E72A40BF47E2D9D9CB16E3
2,W,0x33502740,0x0B13DC667B1E93D3FC242E4D4DBBA25E6
2,W,0x33502750,0x0C63AC566B5E94331C24EDEBEDB2D06E7
2,W,0x33502760,0x0D13EC566BFE74D13BD562044DD48ACE9
2,W,0x33502770,0x0D444BB64C4E652BAB55A5654DE56BAEA
2,W,0x33502780,0x0D6469B63C6E457C9B3595D53DE64C5E6
2,W,0x33502790,0x0D7452563C7E25BD0B1536048DE68CEE0
2,W,0x335027A0,0x0D4422762C7DE5DD5AE4D6044DE68D0D6
2,W,0x335027B0,0x0C73D2460C5D961D8A4475F48DE62BFCE
2,W,0x335027C0,0x413A175BC3E064D78E4B5647DE5033C9
2,W,0x335027D0,0x5C3A3156C0E765D300534254DCC043BE
2,W,0x335027E0,0x643E3F55BAEC64D10757B15DDAD543B1
2,W,0x335027F0,0x6741325AB4EC60CB195AC554D7D841AD
2,W,0x33502800,0x0CCDDE1D752B7C2BEE4DE7CA9CD5DBD60
2,W,0x33502810,0x0CFE3D0D554C3C616E3D47C00AA5E2658
2,W,0x33502820,0x0CDE131D354D1C024E1CB7B963B59534B
2,W,0x33502830,0x0CAD342D055D83481E2CF7BB1875A6001
2,W,0x33502840,0x0CFB740C855D852ACE6D77ABFCB5B63C2
2,W,0x33502850,0x0D34641BC55D45AB2E3DC7AC5D65C66CC
2,W,0x33502860,0x0D1A231B955D35E38D7DC7ACAD95867C1
2,W,0x33502870,0x0C50023BA55D75D4CDCB879CFDA6361C0
2,W,0x33502880,0x0A70A50B555D86151DE3D79C9D66351C4
2,W,0x33502890,0x332058B155DC6553DF4C79C1D25E35C5
2,W,0x335028A0,0x48315DAB56DB6950E15078B0CE4FA6C8
2,W,0x335028B0,0x5644599E56E1702ED9477893D023CBCC
2,W,0x335028C0,0x5E4B561856E472D0DE007893D5CEDCD3
2,W,0x335028D0,0x5240532E56E073D9E3C37784E0D1E5D0
2,W,0x335028E0,0x3E33512D56CB72DAE5CD7797E4C6E747
2,W,0x335028F0,0x102B502A55826ED8E8C9779EE6C5E651
2,W,0x33502900,0x0CC2DD6D1C1B9A951B9DDC4B6DDB3DED1
2,W,0x33502910,0x0CCB1D4DFA8430653C9E2B8C0DA48D8D5
2,W,0x33502920,0x0CDC6CEDA0047244CD6E3AEB2C05ED2D8
2,W,0x33502930,0x0CDCBC9CF892F2A3FDFE22D0B4565BDDA
2,W,0x33502940,0x0CFCCC9C3A7B62932E2DC534454672BCE
2,W,0x33502950,0x0D1CBCDC1B7AB2182E3D3634D59684734
2,W,0x33502960,0x0C9CCD6C7C2360DB6E1D167435967525A
2,W,0x33502970,0x0C0CAD8BBCB3D81D6DED0652757653A61
2,W,0x33502980,0x0C1CBDA2CCB4081DADCCA600656644351
2,W,0x33502990,0x0C7CBDA4CC23481D3E0C75681506351BB
2,W,0x335029A0,0x0D0C9D9569FB881C3E5C446004E635CDF
2,W,0x335029B0,0x0D6C7D55C3BD48381E8B53D9C426251EA
2,W,0x335029C0,0x0DFC5D55D46DE82B8E92C36B34461D1EA
2,W,0x335029D0,0x0E1C3DB5244E186CEE65208AD4160DCE7
2,W,0x335029E0,0x0DCBDD9AA36E292D6DE5730090060DDDF
2,W,0x335029F0,0x0D0B6D1D497E29AD4D257490EC060DCD0
2,W,0x33502A00,0x3172E16636ADD747D3766424CF6254AE
2,W,0x33502A10,0x1C73E364CCC2DA39D073592BCB6144B4
2,W,0x33502A20,0x172E560E1D5DD00C56F3B01C65720B9
2,W,0x33502A30,0x08A70E25BE6DAE0BDC06AA9B9C64F30BE
2,W,0x33502A40,0x0AB6ADD5FE8DCE1C9BE66AECBD15545C3
2,W,0x33502A50,0x0B661D660E7DDE2CFBA602BD5DB615AC2
2,W,0x33502A60,0x0CA5CC55BE5D9E2D3C3484FD9DF6461AA
2,W,0x33502A70,0x0E158C248DCD5E1D3C50053D5E057542F
2,W,0x33502A80,0x0E859BD9FBCCEE0CFCBB553D0E345424D
2,W,0x33502A90,0x0EA5D00C0C6C4DDC8D2BD51C9E4040B56
2,W,0x33502AA0,0x0E95EC9C7D8B7D9C2D1C048C2E3BCB159
2,W,0x33502AB0,0x0E55DD4CEE18AD5B7C4C241BFE3BFC253
2,W,0x33502AC0,0x0DF56DAD9E535D29C84C449C0E022C946
2,W,0x33502AD0,0x0D939D9E4E547D03136C354CCD454C23E
2,W,0x33502AE0,0x0D692D8EADA50CC433FB156D4C05F3826
2,W,0x33502AF0,0x0D54ED4E8C154C74A3E1D57D8006156B1
2,W,0x33502B00,0x0D5C36259C15BD4C7D245DD2F21D8C7C9
2,W,0x33502B10,0x0E2CB624BBF5BD5BFD840DF13CDDBDBD3
2,W,0x33502B20,0x0E3C16230B459D5ABD83CE0A1DEDCE2DA
2,W,0x33502B30,0x0DC24618F0058D216D323DFB2E1DCE2D8
2,W,0x33502B40,0x0D43D61A98158C336CCAEDBBADFDDDAC5
2,W,0x33502B50,0x0B44C61B2C25BC742B9B0D5C1DEDEC645
2,W,0x33502B60,0x09A526299E160D2483957D2C7DBDFC35F
2,W,0x33502B70,0x099536341E061C549486DD0CED9E1DB58
2,W,0x33502B80,0x0BC506356CC5EAC485169B7D0DAE1DF3C
2,W,0x33502B90,0x0CB42635B0D57B146515413D1DBE1DEC7
2,W,0x33502BA0,0x0D78C635A4B4EB344472D3DD3DBE2DCDB
2,W,0x33502BB0,0x0E193634E5891AB4332D240D4DAE2D6DC
2,W,0x33502BC0,0x0E40F633159D41B439BDF35D6DAE2CAD7
2,W,0x33502BD0,0x0E398633D54DB4844BAE181D7D8E10BD7
2,W,0x33502BE0,0x0E20F634D4ECE4246BDD7C1D8D4E151D2
2,W,0x33502BF0,0x0E035635447019A48C0AAD2DAD2E05DCA
2,W,0x33502C00,0x0E142564F344DE3A5EA622332572BC0DB
2,W,0x33502C10,0x0DB0858514F0CE107DF6224554A3145DA
2,W,0x33502C20,0x0D4B2534F5EC9BE3ACD5F3E53AF3760D7
2,W,0x33502C30,0x0C8934B4963D62441BE57514BD13F61D5
2,W,0x33502C40,0x0AF25404264D92C42AD4E5642DD4361D3
2,W,0x33502C50,0x0B4363C3762D947363F415A56E24762D1
2,W,0x33502C60,0x0D555405062D2328159AC5966D64B59CE
2,W,0x33502C70,0x0D95B335661D032AA4AD35765814F45CA
2,W,0x33502C80,0x0DA5A16585CD132B0D8DD58548D5121C5
2,W,0x33502C90,0x0DA54005A57BE239FE4E158B8C15201C6
2,W,0x33502CA0,0x0DD529E5C4E211C0FE4E457D8D3539BCB
2,W,0x33502CB0,0x0DF56BE5C323D3734E4E554E4DC54AACE
2,W,0x33502CC0,0x0E358D95BA93F513ADCE54BE3E356BCCC
2,W,0x33502CD0,0x0E152E057C53E5630D7E43ED7E45ACFC8
2,W,0x33502CE0,0x0D94EDC4AC93E5295DBE228A4DF5DDAC5
2,W,0x33502CF0,0x0CB4AD23DBB4399BCE0DF913FD460D5C4
2,W,0x33502D00,0x0C77AE7D0BCD769A462E3C3E0C8E2E3AD
2,W,0x33502D10,0x0817AEFB746D86A2162DDC6DE2CE3ECA7
2,W,0x33502D20,0x517AF0413FDE6B4061D9C7D657E3F0AB
2,W,0x33502D30,0x527AE653BBE26A4C5DC8C4D05AE3F1B0
2,W,0x33502D40,0x3D79DE55D1E2685558B2BEC447DCF0A8
2,W,0x33502D50,0x2379DC54D2D9635A5416B9B332C5EC29
2,W,0x33502D60,0x2479CE53AFD25156542D019ABC35DF44
2,W,0x33502D70,0x3C79B45052DA225057313C31CC42BF4D
2,W,0x33502D80,0x3A79C84B5CE0BC40524C453FD1283253
2,W,0x33502D90,0x3579D1465CE0C0B739494D43D4B84656
2,W,0x33502DA0,0x2979D34054D9A0D3BE365146D8D24257
2,W,0x33502DB0,0x179D43640B639DCD3B44A4ADFE02A56
2,W,0x33502DC0,0x0A678C724C7420FD9DBC9984ED1E7B14D
2,W,0x33502DD0,0x0C97843A5E253C4D6D9CCC94F92EBC825
2,W,0x33502DE0,0x0D57860C6EA57CDD4CCCDCD493FE8D200
2,W,0x33502DF0,0x0D77865D7EC52D4D29CD0CE3A49DCD739
2,W,0x33502E00,0x3C5181A93AE0D8484003E5B5463D63F0
2,W,0x33502E10,0x2FA7CBB941DCDB4388B6E1B93AB364F1
2,W,0x33502E20,0x1FDBCCBE46D4DD3A41BFDCB58CCF58F1
2,W,0x33502E30,0x098E394C749CEDBB157C4D4B0BAD7C4EF
2,W,0x33502E40,0x0B9E349CA49C5D8C861C7C7AEB8D5E2EE
2,W,0x33502E50,0x0C4D04AD047C5D9CB65C4B5B194CCE7EC
2,W,0x33502E60,0x0CA3E0AD842C0DCC95FB6B0B539C0E6EA
2,W,0x33502E70,0x0C04B00D939C4D2C1519723C42A40E7E8
2,W,0x33502E80,0x09D4700D732CDBAA7A3A936C98152E3E6
2,W,0x33502E90,0x303E22D124D30015D4C081CEB956E1E3
2,W,0x33502EA0,0x442F3BC101D83432E1CECCD1C654E0DE
2,W,0x33502EB0,0x4E01490D95DB4840E0D3DCD3D04AE2D8
2,W,0x33502EC0,0x5593484094DD4A4DD9D4E4D4D62CE4D0
2,W,0x33502ED0,0x610021429FE23657D6D4E7D5D7B4E4C9
2,W,0x33502EE0,0x6727C640A8E6005ED1C3E6D4C7C2DBCA
2,W,0x33502EF0,0x6835D340A9E7855EC43CE1D3B000AED0
2,W,0x33502F00,0x2458C4BAECECCF63C8C137D5594356E1
2,W,0x33502F10,0x325FC2BFEBF3BA65CBCA32D94E5157E0
2,W,0x33502F20,0x27648CC1EAF5815BC6CF35DD404F54DD
2,W,0x33502F30,0x0A7623FC6E8F43388C2C13DE1284446DA
2,W,0x33502F40,0x0CF484CCBE7F149D7BC4141E18D3B1DD5
2,W,0x33502F50,0x0D5BE53BFE6E85AD8B25942E0A732B2D6
2,W,0x33502F60,0x0B6B75193E4C464D1A25F40DDA930C0C7
2,W,0x33502F70,0x5A5F4627E24266C5A95D31D8A688C496
2,W,0x33502F80,0x6054112BE1475B01A25400D93FC8C000
2,W,0x33502F90,0x5F46C226DD444C43A93EB0DB5BD8B6A1
2,W,0x33502FA0,0x6046C415D8454251AFB9C1D765E0A0AD
2,W,0x33502FB0,0x5F3DA58ED3424655B4D5C9CB66E209AB
2,W,0x33502FC0,0x5C8B47A4CE415759BBDBD1C762E2108C
2,W,0x33502FD0,0x57D15592C642605DC2D3D5CD63CC82B0
2,W,0x33502FE0,0x46E2582DBE44505ACEB7DBD365529BD2
2,W,0x33502FF0,0x0B3E6542DB6454145D73BDFD76466A2DB
2,W,0x33503000,0x5E38DEBA5AD7C6CA58DA305AD359CD32
2,W,0x33503010,0x5645E2A45AD5C2B956D70057D248D08A
2,W,0x33503020,0x494BE4205BD1BFA454D1B354C9ABD3B2
2,W,0x33503030,0x304BE7425EB9AEAC5117C7539AD2DAA6
2,W,0x33503040,0x0BB43E9535F813AC1464BD35146E2CD30
2,W,0x33503050,0x0DB36EB5D61913FCE4152D95152E99248
2,W,0x33503060,0x0E9A9EB60613506D44E8ADB5154EA3055
2,W,0x33503070,0x0EFBFE45F6149C0D657CDDC5257E8C05A
2,W,0x33503080,0x0EE21DC5A6151C9D759D5D9544DE3D45C
2,W,0x33503090,0x0EB4BCB526156C3D758D5D45534DDDF5C
2,W,0x335030A0,0x0E54B413B605881D758D3CC5627D5E759
2,W,0x335030B0,0x0DF4B5A895E60BBD75AD2B85346C8E55B
2,W,0x335030C0,0x0E23866B35C60C9D75AD2184E41B0D75C
2,W,0x335030D0,0x0E5B468AD5B5ACED859D43D4B3603D456
2,W,0x335030E0,0x0E7C669385A4BC2D855D74C53288FD640
2,W,0x335030F0,0x0E33361515C0101D845D84A5828C5DAC3
2,W,0x33503100,0x0B1E4C515CCC15A3CD1E14C58D6D130DA
2,W,0x33503110,0x0BFE5C713B1C25952D2E94750D9CD35D2
2,W,0x33503120,0x0C6E7C90131C2575ED1EF413BDBC82AC3
2,W,0x33503130,0x0CCE9CEA244C25461CDF22BBDDBC2A881
2,W,0x33503140,0x0D3E4D3BD45C25262C4F222D0DABEC447
2,W,0x33503150,0x0D8D9D3CA2CC24865C5E61AD7D6BAD033
2,W,0x33503160,0x0D8CCCECCB2C23C57CDCF00DFD2B3D59F
2,W,0x33503170,0x0D1B8BBC8C8C23B51D341ADE1C9ABDCA7
2,W,0x33503180,0x0BA9303C4D4C13B57D650C5D5B9A7D8A7
2,W,0x33503190,0x432742BDDBC03A5ED951D1B601A4B19B
2,W,0x335031A0,0x5E3C5716DCBC3A61DA48D23A0DA34A81
2,W,0x335031B0,0x5D405D4EDCB92E61D8B8C6149AAB5CAB
2,W,0x335031C0,0x55365356D3B7005CD5D49E2AB0B863C6
2,W,0x335031D0,0x43814957B2B68157D5DE3B41ABC25BD5
2,W,0x335031E0,0x3ABC38532FB63363D6DC544A3DC652DE
2,W,0x335031F0,0x27D3934D37B54B66BFC857445AC451E1
2,W,0x33503200,0x0E345E2DBD0C155D85FBAB2BAB3BE3668
2,W,0x33503210,0x0E33FE4DFCDC659D053B7B126B79E4367
2,W,0x33503220,0x0E334E6E1CAC453C243B9B24BBC354966
2,W,0x33503230,0x0E33CE7DFC8C342A439ADBB5AC0445164
2,W,0x33503240,0x0E437E6D8C8BEB70CD2A5C960C21A5762
2,W,0x33503250,0x0E725E2D5C59FDB23E203D463C2C55861
2,W,0x33503260,0x0EB2FDED3C331D92FE72BD863C1D85860
2,W,0x33503270,0x0F15CDCD1C13CD934E933C062C3E55160
2,W,0x33503280,0x0F25DDBCCBC81D833E8345A5AC7EB325E
2,W,0x33503290,0x0F257D8C8B3C8DA33E72D6A43CDEACB5B
2,W,0x335032A0,0x0EE50D1C01BD8DD2FE4AA70CAD1E5E457
2,W,0x335032B0,0x0DC4FC3A14BD7DD18DFCC6EDCD3DDEB52
2,W,0x335032C0,0x1B45908659D3DDBED6D966E0D4D5E74B
2,W,0x335032D0,0x4D2345C760CCD9D2BCDF61DFD6C6DE42
2,W,0x335032E0,0x4CB651C361D0D0D842E053DFD806C52A
2,W,0x335032F0,0x52D25BB95BC334D85EDE41D9D9444127
2,W,0x33503300,0x614FC7BE5CD9591C2CC000CB3828AD5B
2,W,0x33503310,0x5D55BBB75CD3574C9F85B7C837CCB158
2,W,0x33503320,0x5757A7B35BCE5451B845C9BC37E0B551
2,W,0x33503330,0x47592EB159B64D50C455DB2735E3B642
2,W,0x33503340,0x0AB5B00B6543E3757C557E24134DBB131
2,W,0x33503350,0x0C958CBBD4648B055C754E53133C0B681
2,W,0x33503360,0x0D651D9BEBE51CC47B550E7113436C0B6
2,W,0x33503370,0x0D74BDFB7E453D922434DE7023650C4C4
2,W,0x33503380,0x0D645E2BAEC5EE281504EE5003750CACC
2,W,0x33503390,0x0D43BE1C3EE5BE5015653E30F384ECFD3
2,W,0x335033A0,0x0CE9ED8C6F055E51F5B56D6383A40D0D5
2,W,0x335033B0,0x0C0D2DFC3F152E4005B5BB4493EC0D0D8
2,W,0x335033C0,0x09FDDE0BBF055E24458602B4A42D7D1DA
2,W,0x335033D0,0x19E1DEB1EA56DB355462345144E1D0DD
2,W,0x335033E0,0x0DAD4A3E255C8C446602F4346E2CEE1
2,W,0x335033F0,0x0D3D1C3BAE15749C6A15DB2C448DEC9DE
2,W,0x33503400,0x622DE1D7228242ADBE4D4FB9DDCD2351
2,W,0x33503410,0x6516E5CF879C4DB7C2444FB2C7D39354
2,W,0x33503420,0x650CE7AAADAD5201C7384DA936D6BC56
2,W,0x33503430,0x6403E74FBBBD6045D00045815BD6CD59
2,W,0x33503440,0x641EE666C2CB6757D3B51D3158D5D65B
2,W,0x33503450,0x643DE76AC7D46959D592004436CDDF5D
2,W,0x33503460,0x6044E760CAD6694FD5394249C5C5E55D
2,W,0x33503470,0x5545E687CCD86852D5394B48D0C3DC5E
2,W,0x33503480,0x4844E5D9CBD96655D4335244B4C2AE5E
2,W,0x33503490,0x141E5E2CAD96151D128583B39BE435E
2,W,0x335034A0,0x4040E4E1CADA5B53C8895E2A3EBB545A
2,W,0x335034B0,0x4F44E4D8CDDB5743B58161A441C7664D
2,W,0x335034C0,0x5E47E4E6CCD95AC9A22B65BE55D26101
2,W,0x335034D0,0x6346E3E0C9D561E4924164C65BD459C8
2,W,0x335034E0,0x613FE2D1C8CC66F38F4D56CC59D43FD0
2,W,0x335034F0,0x4C30DE14C9AA66F0893047D457C32CCE
2,W,0x33503500,0x5115BAD2A933D4B8BE323A47C35D6157
2,W,0x33503510,0x5100BBD1B62DD7C4BD2E0753C15A6258
2,W,0x33503520,0x5100BCD09E04DBC8BC00AC5BBF576459
2,W,0x33503530,0x5125C1D04098DFC7B7B9B75EC1536559
2,W,0x33503540,0x4F9BC6D153B7DDC6B5C7A85EC4496757
2,W,0x33503550,0x4FB9C4D256C5D6BDBACDC45BC8296955
2,W,0x33503560,0x4FC0C0D454CECBA9C1CFCC56CAB66A4F
2,W,0x33503570,0x4FACB9D65AD2B719C6D2D353CABB6B43
2,W,0x33503580,0x4FA2B6D853D48B36CB9DD34DC9AA6C37
2,W,0x33503590,0x4F23B5D885D63843D15AD244C9226C28
2,W,0x335035A0,0x4E28B8D4C3D34751D669C946CA816D01
2,W,0x335035B0,0x4CD4BEC9B2C81956D567A245CAB76E97
2,W,0x335035C0,0x49E6C2A4C433A656D1664822C8C86FA3
2,W,0x335035D0,0x46EBC533CB4CB353C4685DB8C4D46FAB
2,W,0x335035E0,0x45E8C92DD038AE4FA36A67A9C1DB7099
2,W,0x335035F0,0x43DFD0A1A6A4A84A3C6A6700C1DC7038
2,W,0x33503600,0x0E1B540DFC8CE70D970DFAA5F49C7A4E3
2,W,0x33503610,0x0E1A441DECFD36DD771DE536145CCAFE1
2,W,0x33503620,0x0DE003CDDD2D66BD871DE66593ECEB6DD
2,W,0x33503630,0x0D91E3FD7D2D968D671DF6E3930CCB3D9
2,W,0x33503640,0x0C62C392CCFDB61D471E06B3B1BCF8CD7
2,W,0x33503650,0x463C0D69BFD852D070E1673385D13DD5
2,W,0x33503660,0x5946B072A6D43DC370DC6B2CA7C647D4
2,W,0x33503670,0x5850C67381D245C16FC167C5B1BC53D1
2,W,0x33503680,0x4D58D572B4D054CA6F3F60D2ADC05DC6
2,W,0x33503690,0x4760E271C9CC5FDB6F4C50D69BC362A9
2,W,0x335036A0,0x4660EE70D3C969E36E2C1BE001C665A5
2,W,0x335036B0,0x3C54F36FC9C66EE56DB108E621CD68B6
2,W,0x335036C0,0x0F49F36EBC246CE16C9500EA31CC68B4
2,W,0x335036D0,0x08940F06B1A516BD16B34B1E63AC366B5
2,W,0x335036E0,0x64AEB66455A65006A58CDDE409763B7
2,W,0x335036F0,0x0C48E35855605847695DD8D0439658C2
2,W,0x33503700,0x6742B360AEE856C72459C942D5D73DA5
2,W,0x33503710,0x6542C361A3E54AC52B58CB00D3D439A6
2,W,0x33503720,0x6341BE6284E331C43155C8C4D0D234B1
2,W,0x33503730,0x603823621BE2B6C43451B6E0CAC833B8
2,W,0x33503740,0x59272D622DE2D3C5344B30E5C1BA2DA1
2,W,0x33503750,0x5301256135E2DFC12C4245E7A3171732
2,W,0x33503760,0x50009D6038E1E1C11C3943E4262AA746
2,W,0x33503770,0x4B12C95F3CE2DBCB013E49DE3BBEB751
2,W,0x33503780,0x511EDB5E3FE4CBD3814451D644D6A852
2,W,0x33503790,0x5020E35C41E200D7914B5DD44ADF2E51
2,W,0x335037A0,0x2514E65745DF42CB9D4E61D850DB4546
2,W,0x335037B0,0x0A381E4504AD14848A34661DC54BE4B27
2,W,0x335037C0,0x0B49AE2434F003F5FA5BA51E0584A50C2
2,W,0x335037D0,0x0BFA7D83852479566A5DF42E25B5E51D4
2,W,0x335037E0,0x0C5B1B2355451C269A2E237DB5E5D51D8
2,W,0x335037F0,0x0CFB043445547D06498D74332615451D5
2,W,0x33503800,0x0B51B4F32553566D5E7BB76A0E6C7E556
2,W,0x33503810,0x0C201503A553E5BD3DE9176A1E3C8E361
2,W,0x33503820,0x0C8005141563B3CCDC63176A4DFC6E165
2,W,0x33503830,0x0CFA652445620D1B53E4175AED2B7D866
2,W,0x33503840,0x0D4AA544656C1E03E585275B9D03BCB63
2,W,0x33503850,0x0DB975A4A56D1DC40605B75C5D050A85E
2,W,0x33503860,0x0E116634D56C6D1C3635D74CBCC552F58
2,W,0x33503870,0x0DB0A685056C8C2E2645574D14C4B3153
2,W,0x33503880,0x0D7946C5256D6B1ED5E3674D562358F49
2,W,0x33503890,0x0D6A56E5356DE97F24CBC74D465B6C030
2,W,0x335038A0,0x0D4C16C5356DB19F287D974D169CBD7B7
2,W,0x335038B0,0x0D2B4675256D539F1B4E273D56FC2E5CA
2,W,0x335038C0,0x0D4B55F5556C442F2BFE573D87236EBD1
2,W,0x335038D0,0x0D7954A5C56A14FF1C3E572D87349EFBD
2,W,0x335038E0,0x0D430BB6456374CEEB5E072D77350EF53
2,W,0x335038F0,0x0A33BD0665651B2E781CB72D77253EC69
2,W,0x33503900,0x09CB6CBD9B2E19FCDCC5655A0CA60D9C2
2,W,0x33503910,0x47BDC7DBA9DBA0C2CF545DB8D160D8B8
2,W,0x33503920,0x50C9C4D625D3A0A7D35261C3D461DBAD
2,W,0x33503930,0x48D8BCBB3ACA9B8FD84D64D0D261E420
2,W,0x33503940,0x59E2B52745C5982AE04767D5C262E83D
2,W,0x33503950,0x62E711304FC8A110E5406BD5B563E840
2,W,0x33503960,0x63E84B2251CFA6C1E8346CBB0163E237
2,W,0x33503970,0x5CE75B9047CFA7D9E8256B384161E132
2,W,0x33503980,0x52E764AC33D2A5E1DE0C684B4760DB00
2,W,0x33503990,0x3CE66AB68ED4A4E236AC6352415DD4B5
2,W,0x335039A0,0x0D4E36FC141D69DE25BC25850B159C7C6
2,W,0x335039B0,0x0E3E171C959D890E25ECD323CD55784BA
2,W,0x335039C0,0x0E7DA71D25BDA12E256D3B7C7D7562DB0
2,W,0x335039D0,0x0E7D06FD43BDB2AE34FD5C9D7D3555B83
2,W,0x335039E0,0x0E3C168D1C3DA2EE44AD8C7D7CB546883
2,W,0x335039F0,0x0CDA94CD5D2D621E450D925C5CF536DAC
2,W,0x33503A00,0x0D561D0E68754C44C2F1557DA386159C1
2,W,0x33503A10,0x0D665CCE42D53C24B87A656DB426156C3
2,W,0x33503A20,0x0DB68C9E43C53C04AB8C254DB46604DC0
2,W,0x33503A30,0x0E16BB8E33E52AE47D1D050DA415B32B3
2,W,0x33503A40,0x0E56D49E1514D0345DED744D50656B61C
2,W,0x33503A50,0x0E86B60D65F483440E2DA39D2834FCF49
2,W,0x33503A60,0x0EA68663967463736E3D832D24655DA56
2,W,0x33503A70,0x0E666655269433000E4D22BD65461E55C
2,W,0x33503A80,0x0D4645D566B471DBFE3C929DC585EE757
2,W,0x33503A90,0x33634D556A5281CCE2BD2CE25855E540
2,W,0x33503AA0,0x3D5F4846665FA8D0DD921FE6543FD4C4
2,W,0x33503AB0,0x0CC513E965B672DC5D53797E652CA2BDC
2,W,0x33503AC0,0x0D93582C153673CAACA339EE347E38EE7
2,W,0x33503AD0,0x0DFD3B9D046663E24B1013DDF9EE9ACEE
2,W,0x33503AE0,0x0DEE4C4D63D653D3E3FB05DE0D2EA9BF1
2,W,0x33503AF0,0x0CCE2D6E03F653447564468D6DBE82BF0
2,W,0x33503B00,0x0DB1D6357424FC24CC23FDADCCEE05CC2
2,W,0x33503B10,0x0D83364583D57D14FC545E1DEC5E056BE
2,W,0x33503B20,0x0D548655A335AD751C545E4E0B1E049BE
2,W,0x33503B30,0x0CE546560015DDA55C140E5E200E0AEC3
2,W,0x33503B40,0x0C1576561BF58D95CC4C2E3E49DE1D5D0
2,W,0x33503B50,0x0B454655FCD54D362CBC2D4E6A4E2E3DA
2,W,0x33503B60,0x0B3456460C438CC66D3C9C7E895E2E5DE
2,W,0x33503B70,0x0B5A4645D9DA2B469DBDDCEEA81E3E2E0
2,W,0x33503B80,0x0B4C3645634C32C6AE0E7D6EB81E3BEE3
2,W,0x33503B90,0x0AFC3634D44C83969E3E5DCEC86E355E5
2,W,0x33503BA0,0x2ABF63414AC3B467E8DCE0ED95E363EA
2,W,0x33503BB0,0x3683632634CFD765EBB7D9EFA0E366F0
2,W,0x33503BC0,0x42016381C1D8E164EA94B7F09DE365F0
2,W,0x33503BD0,0x4F226338D6DCE262E5AF48F000E360F0
2,W,0x33503BE0,0x57436350DADCDE61D9CF5DF110E34CED
2,W,0x33503BF0,0x6054634AD8D2DD5FB6D25FF100E3C9EC
2,W,0x33503C00,0x0B540B940AB4CD5C4E3D8AC1CCA61D3C5
2,W,0x33503C10,0x0A31B0C4D9A4EE1C5E5D2B1BBC163D1C6
2,W,0x33503C20,0x09BB53258B44DE1C1E6CAACA3B464C2C8
2,W,0x33503C30,0x09ACC1B60C246C493E3C7853CA86594C9
2,W,0x33503C40,0x096DABF62CB31534CE3C2330BBB653FC9
2,W,0x33503C50,0x09FE2D663D021605CD6B4522FCB6625C4
2,W,0x33503C60,0x0B6E4E162D396625FC18E5E25D366ABC1
2,W,0x33503C70,0x0D1E7E858D900606146316418D9679ABA
2,W,0x33503C80,0x0DCE7EC3DDE01586757496705DB67ABB3
2,W,0x33503C90,0x0E1E6ECC4D901546B6056671ED167CBA0
2,W,0x33503CA0,0x0E1E2E8E0CC9E506D625E6623B867D635
2,W,0x33503CB0,0x0C9E5D2E61DB8506D5E5565A5C167D754
2,W,0x33503CC0,0x2DE795E846C3496C5747643BCE67D85E
2,W,0x33503CD0,0x55E72EE838C3456B5431623DD267D363
2,W,0x33503CE0,0x67E247E8ABB9386A519C5F42CE67D167
2,W,0x33503CF0,0x6AC638E422B3096450BD5955B867CD69
2,W,0x33503D00,0x0D47864E0EA2FD5D035D1CF834BB7DC48
2,W,0x33503D10,0x0D27863E1E8CBD5CE41D3CFB64839DF50
2,W,0x33503D20,0x0CB785FDFE4D7D4CD46D4CDC23951E152
2,W,0x33503D30,0x0B07857DBDDDACFCB4DD4C2C48B5FE350
2,W,0x33503D40,0x088783BD8CCD7C4BF52D72ECB1760E244
2,W,0x33503D50,0x0A27843D132D6B7B151D64AD1565BE02E
2,W,0x33503D60,0x0BD7856CD42D1ACB945D651D46255DD18
2,W,0x33503D70,0x0C17861C542B981CA83DC51D86548DAA2
2,W,0x33503D80,0x0C87866C03343AFD5C2E345D96485D9B9
2,W,0x33503D90,0x0D27865BEC458D0DA01E727D964D1D7C6
2,W,0x33503DA0,0x0DA7762C1D35CDCD846E9B4D262E3D6D1
2,W,0x33503DB0,0x0DF7761BCD115E1D149EAC6C25AE6D3D6
2,W,0x33503DC0,0x0E0776118C3D8DABD53E8CE323FDBCAD8
2,W,0x33503DD0,0x0DF775C488FDFCF3259E2D64ED514C1D0
2,W,0x33503DE0,0x0D177505B4AD5A85159DEE154E259AC06
2,W,0x33503DF0,0x084771D6754C13E5659D5E05DE35EA24B
2,W,0x33503E00,0x6439D042A5E71258B54DDCD69E4C3FD5
2,W,0x33503E10,0x5F39CD43A0E82752BE52D6D9A15749D9
2,W,0x33503E20,0x5337C24496E82D45CA56D0DEB25849DD
2,W,0x33503E30,0x3423C23C8AE52025D15BBFE0C55A3AE0
2,W,0x33503E40,0x0CAB7AE2781E381B1CC5E47E0D159A7E1
2,W,0x33503E50,0x0D6CC2B8101E2BAC4B95A55DDD857D2E1
2,W,0x33503E60,0x0DCD248920CE1C8D2A64B48DBDB55DDDE
2,W,0x33503E70,0x0DBD451A307D9D3D5BCA98BD8D753E4DA
2,W,0x33503E80,0x0D5D553B901CED6D3C9D3D2D5CB4AE4D9
2,W,0x33503E90,0x0C6D556C10098D6C5D2E0E1D2AE31DDD8
2,W,0x33503EA0,0x3FD458C5812BD732D1E3E3C900C251D6
2,W,0x33503EB0,0x5ACB62CC8149D854CAE5E3AD26D370D5
2,W,0x33503EC0,0x63A865D3814BD458C1E5E33801D272D5
2,W,0x33503ED0,0x692C63E28B48CA58BBE3DD4AAFB56CD4
2,W,0x33503EE0,0x6B4961E69B46B956B5D5D451AE315FD1
2,W,0x33503EF0,0x65525DECA84E1557A701CF52D08159CC
2,W,0x33503F00,0x0CEE6509FB3443635DB41E2DB6066ACDB
2,W,0x33503F10,0x0D3E44ABBB1403401DE3FE4E05865BBD7
2,W,0x33503F20,0x0D4E243C9AE342EB3E137E5E25160C6D5
2,W,0x33503F30,0x0D4DB26D3A1012DB8E5B5E5E14C4ACDD3
2,W,0x33503F40,0x0D3C7B9DB00B51ABCE6D9E4DF5097CFDD
2,W,0x33503F50,0x0D317D0E12BCB45C1E4DFE4DE4DD8CFE2
2,W,0x33503F60,0x0D33ED0E239CA62D0E2D1E5DC4BE4CCE0
2,W,0x33503F70,0x0D22FC1E242D065D5DE50E5D944EBCADA
2,W,0x33503F80,0x0CBBABAE146CA60D5DB61E3D229EEC3D9
2,W,0x33503F90,0x0B3D2BCDC4AC954DAD859E0CAAEEAB3D6
2,W,0x33503FA0,0x52DAB6CB50C755E3D846D481C6D5B8CE
2,W,0x33503FB0,0x60DDA73F52A75CE3DF46BC34D181BCBA
2,W,0x33503FC0,0x5BD51759534362E4E456234BD600BE2B
2,W,0x33503FD0,0x41B6815C545763DCE7653C54D999D24A
2,W,0x33503FE0,0x0CE3F035D56645EB7E76E4253D9B3DE57
2,W,0x33503FF0,0x0E14F986058684A60E2724150D6BBE060
2,W,0x33504000,0x0DC8A375F5FB036D9B6D6305C00D7DBD5
2,W,0x33504010,0x0C0DAC5625FB33DD5D0D2015F16E1D6DF
2,W,0x33504020,0x4EE4D35F5F88A5D1A1C2246020DFC6DE
2,W,0x33504030,0x5CE6DC5A5FA4D2D051C9426048D541D6
2,W,0x33504040,0x63DFD6555BBFD9D762D5506049C259C2
2,W,0x33504050,0x59CB195057C7A9E167DF576152445A20
2,W,0x33504060,0x3C35544155A361E567E25D615558531E
2,W,0x33504070,0x0C85A5E2A580071E762E26161545A3FCB
2,W,0x33504080,0x0DE5E5D27581A71E54CE3605C512BA4D4
2,W,0x33504090,0x0E65B5838583F69E2D5DE565051DED4CE
2,W,0x335040A0,0x0E751543E5A495FDDE1B64A3953DCE3D0
2,W,0x335040B0,0x0E63F531D5B5547D4D9512B8D53DBE0B6
2,W,0x335040C0,0x0DE9C54C15C60C5CEB05514A340DBAB56
2,W,0x335040D0,0x0D5BD52D45D5EDAD155492B9DB6DB5468
2,W,0x335040E0,0x0D6B848DE5E59E0D863113085CDDA5E71
2,W,0x335040F0,0x0D7B981E35F57E1E268C52F00D5D74872
2,W,0x33504100,0x0C6D9A24643B542604BA25BC562A91ADA
2,W,0x33504110,0x0CCD71F3748B4C0465BB265E05E20B8D0
2,W,0x33504120,0x0C5D93C294DB3E0C55DBE69E85635A6BE
2,W,0x33504130,0x0B2DB33014CB2E8D438C56AE6513F55A1
2,W,0x33504140,0x30DD142630B2E8D1CE9368E33B4463AD
2,W,0x33504150,0x4FDE2B48CDB2E7CFD94B63DFA94463BF
2,W,0x33504160,0x60DB4354DCB4E6C7D25B5AD9D02963C7
2,W,0x33504170,0x64D7565AD4B7E2C2CC5E48B3DC936CB8
2,W,0x33504180,0x61D85E5FC5BADCA8C551C848DF086C15
2,W,0x33504190,0x40E05958B6BFCA4EBEA2DD34D60065A8
2,W,0x335041A0,0x0B4E24C5281C02554C0C7DCA3AB0D5EC8
2,W,0x335041B0,0x0C4E215293BC0BB45CDCAD2BF4E115AD2
2,W,0x335041C0,0x0C5E2CDC93BBFD3ADDEC7C4C65B8756D6
2,W,0x335041D0,0x0C6E2D9D4B9BED9D1E4BAB2C35EA352D8
2,W,0x335041E0,0x0C9E2DFD8D7BED4D9E5A58DB25CB548DA
2,W,0x335041F0,0x0CCE1E0D9E4BDC0E2E312903858C13BDD
2,W,0x33504200,0x4ED456CA3FB463D762DB00D6D5505537
2,W,0x33504210,0x45DA52D998D46AD661D4C2D3C84F5B41
2,W,0x33504220,0x09C955D199E56BD451CEC6C5AA515943
2,W,0x33504230,0x0D1455BB131E669D300C3B32B164F413D
2,W,0x33504240,0x0E2635B8F3ADB62D7BEB82729234DCC35
2,W,0x33504250,0x0EB6455BC1A2856DBC2B3451A244EE28E
2,W,0x33504260,0x0F0674BC9915E3EDBC6A453321247E0BE
2,W,0x33504270,0x0F06A16D73168BCD7C420593D97B5C5AD
2,W,0x33504280,0x0EB61C2E32570C8D4B31F5A3CAEE15600
2,W,0x33504290,0x0E654D7E13768D1D343005524B6EF5F01
2,W,0x335042A0,0x0DA2AE0E1435AB6D251A14FADBBF25101
2,W,0x335042B0,0x0CC54E0E2473A9FD04AB3A3C6BAF40000
2,W,0x335042C0,0x0CD6AD6E145AFCCCE2FC0D8CDB9F4C885
2,W,0x335042D0,0x0D172C1E13EC0DBD13DC5E5D2BCF3D101
2,W,0x335042E0,0x0D37328E020C5E0D453C6E7D6C2F0CF2C
2,W,0x335042F0,0x0D5724BD9B6CAE1DA58BBE8D6C6EBC141
2,W,0x33504300,0x0D9C2BACAE2596162C561CDD949D9C1D4
2,W,0x33504310,0x0CFC4C1CAE4556072C361D6D94AD7BFCC
2,W,0x33504320,0x0C9A2C4B6DE4F5572AA5ADBE04BCDC1C8
2,W,0x33504330,0x0B3BAD34CCC3232634755E0E44DB5C5B9
2,W,0x33504340,0x37D4D9619D14CC36524AE1E650C0CD3C
2,W,0x33504350,0x4EDACE64B198D7DA4A44DDE652CBD34D
2,W,0x33504360,0x58DBCC62A4C1D2E81B3CD9E653D8D44C
2,W,0x33504370,0x59DBCB60B6D1B6E2B128D5E354DCD04F
2,W,0x33504380,0x54DBDA5FBCC746C2B839C6D655DFD14D
2,W,0x33504390,0x53D3DA59C1BB4834AB464A5B55DEDAC4
2,W,0x335043A0,0x52CCD651B9CF4251193B5E7156DDD7DA
2,W,0x335043B0,0x4DCF813995D8BE5649B45D7457D9D1DF
2,W,0x335043C0,0x46DB4FC741DDD9455BD0547158D2C7D5
2,W,0x335043D0,0x41E259D953D5D90660DC4D6E59CA1DB6
2,W,0x335043E0,0x3FE45CDF60C8BAAF5AE24A6C59CA543F
2,W,0x335043F0,0x40E55BDF66D14ABC4DE1486A5AD26341
2,W,0x33504400,0x0D126D544C19E6ED7883328DA5E5133C8
2,W,0x33504410,0x0DE23CC43B1A772D19E4481D864604AA8
2,W,0x33504420,0x0DF25C64881B773DAAE4800D26262501C
2,W,0x33504430,0x0D831CE5B1FBF71DCBA5127B757625537
2,W,0x33504440,0x13DC76432C268D8C25443392A624B3A
2,W,0x33504450,0x6043C86441C155D8C6565345D0615528
2,W,0x33504460,0x6145C25E46B500D5C9585F2BE15E60A9
2,W,0x33504470,0x5A4146584781CDCAC55166BFE25965C7
2,W,0x33504480,0x4C3D61584B24BCBBBB426CD1DF5462CD
2,W,0x33504490,0x5741654B5128429BC3076BD3D0394ACD
2,W,0x335044A0,0x5747663355164F27CE1265DCCBC3B5C1
2,W,0x335044B0,0x4A5066B1598150B4D44862E0D3D1D189
2,W,0x335044C0,0x0CB5666C95C974BCFD85462DED8D3DC3A
2,W,0x335044D0,0x0E15A66CF5C9A3DD9DB5C62DBD9D3DD4B
2,W,0x335044E0,0x0DE5B65C95C9DB6E3DD5B63D7DDD3D652
2,W,0x335044F0,0x0D15865BD599DD0E7E15863D3E4D3D255
2,W,0x33504500,0x3FD7D3C11FB4AB454E684EB6C4D37043
2,W,0x33504510,0x36D6D5C5CBC0BA455467CDAFCCB77052
2,W,0x33504520,0x31D7D6C5D9CBCF494F62E2B1D229705A
2,W,0x33504530,0x2ED6D3C7D1D6DA4F464CE0BCD73B715D
2,W,0x33504540,0x2CD4CEC6A8E0D55442CED0D5DE15715C
2,W,0x33504550,0x2DD2C9C449E4CB5540E588D4DDB8715A
2,W,0x33504560,0x2BD8C7B02DE6B7533CE93A28D8CA7159
2,W,0x33504570,0x25DBC54DB5E5324935D83059D6CC705C
2,W,0x33504580,0x23E0C94A52E7533337B2425CCEC86F5A
2,W,0x33504590,0x30D7D1B15AE75C3634462E48C5C76D46
2,W,0x335045A0,0x33B7D4D561E54D393044C101C2C26C45
2,W,0x335045B0,0x3344D5D965E3C1342F35D9C3BEC26A49
2,W,0x335045C0,0x365AD5D866E0D62A2000DFDCACCD6945
2,W,0x335045D0,0x3964D4D566DDD51B81A9D9E521D6693A
2,W,0x335045E0,0x3D67D4D761D9D400A0A3D2E940D66823
2,W,0x335045F0,0x4067D3D351D2D296A71FCEED4EB56786
2,W,0x33504600,0x3440DA15595D339368ABD38145D007D0
2,W,0x33504610,0x611ED2AF555AB8CD66E0ADC748DCCFD5
2,W,0x33504620,0x6AA2C74E4A59B5D065DF81DA50DFDAD9
2,W,0x33504630,0x6AB60053885ABEC862C133E057DBC7DB
2,W,0x33504640,0x62C93F66D351C2BB5F4A45E15CD439DD
2,W,0x33504650,0x55CF456DDE47C5B15A4E4FDD5DC740DD
2,W,0x33504660,0x43C73A6DE136C8B5565653D45EB650D1
2,W,0x33504670,0x0A8B08165DE9BCF26525857C05DAB5243
2,W,0x33504680,0x0C4A7C64FD2BA2D2D4BA758245AB54651
2,W,0x33504690,0x22C4DAD4D0BF524338DF4DAC55A02F49
2,W,0x335046A0,0x63D7DAD8C8B7595000E246CC5144A3B6
2,W,0x335046B0,0x6CD8D5D2D1815452B6DC45D14C54C8CD
2,W,0x335046C0,0x67D4D1C7DB814F51C59B40C34A58D3D3
2,W,0x335046D0,0x5DD3CCA6DDAB4B38CC57969C4A4EDAD6
2,W,0x335046E0,0x4ED8C640D8B151CAD262D1264B85DBD8
2,W,0x335046F0,0x30DDC143CFB558DDD565D8384DC9CDDB
2,W,0x33504700,0x0D7A9474D5636D05200C5585A624B50C3
2,W,0x33504710,0x0DB054752583AC8401BB35C60644C4C54
2,W,0x33504720,0x0DD3349525832C62B291D576067514E64
2,W,0x33504730,0x0D93D545058B3BC29334431636A4D4167
2,W,0x33504740,0x0CC3F614858D898243B4E81616D3E3F62
2,W,0x33504750,0x0953D544259E233194150B25570AB2B55
2,W,0x33504760,0x253BC14159E245974457104471C8971A
2,W,0x33504770,0x0A53AD6445ADB4EC4475F473071C6B1D3
2,W,0x33504780,0x0C12AD04B5BCD57CB4961564572C5C0E1
2,W,0x33504790,0x0D01ECA515CAD60BA4E605D4773C7C7EB
2,W,0x335047A0,0x0D21AB8535B426137505D644774C6CAEC
2,W,0x335047B0,0x0D41390535B43613F4F56588A74AACAE1
2,W,0x335047C0,0x0D4130F535A42623C4E4F39D5754ABACA
2,W,0x335047D0,0x0D101AA535B3361334C4BA4D975562DA1
2,W,0x335047E0,0x0C981C1535C8A613D4B488FCA764649B0
2,W,0x335047F0,0x0AE88C3525DC46142494A2B4976AC50C5
2,W,0x33504800,0x0B146DB655658D4D9295C71D66F4AEA6B
2,W,0x33504810,0x0DD52E063563ED8CC346971CC6B31E863
2,W,0x33504820,0x0EA57E86256D5D7AEA268710068D4E747
2,W,0x33504830,0x0E95EE76156E7D335D052713F64E2E4A5
2,W,0x33504840,0x0E264CB6057EAD142CCA370445FD7DA92
2,W,0x33504850,0x0DB684E5E57E9D04CB0D270A85226C783
2,W,0x33504860,0x0D66A5A5A57ECCA4444DF6FD14032C701
2,W,0x33504870,0x0C86A5C5557EDC54853E56FD832AEC533
2,W,0x33504880,0x366A5B4757E3C9625CE46FDF255EB44D
2,W,0x33504890,0x5C685B3557D1D66457D66EE0356E4543
2,W,0x335048A0,0x636542335700DF6450BA6DDE45663995
2,W,0x335048B0,0x6259D8345701E1652AC26DDB4D4E34CC
2,W,0x335048C0,0x5F40E53A57D9E063CDD16CD84B412AD5
2,W,0x335048D0,0x5C00E14257E7DB59D6D86CD53A45A0D8
2,W,0x335048E0,0x59B3D24757EAD536DADD6CD30052C4DA
2,W,0x335048F0,0x52CABE4D57EBD0B3E4E06BCCC15FD3D8
2,W,0x33504900,0x0CDBCD4C7D7CE08E458DA34C8E4536E52
2,W,0x33504910,0x0D9C4E681DCD01DE367DBBDAEF0546E61
2,W,0x33504920,0x0E4C4EE25E1BA28DF64D1DB9DF3556C60
2,W,0x33504930,0x0EAC2F192E5001E01565AE344F255635A
2,W,0x33504940,0x0EBB8F1CAE8320059386BE551EC565847
2,W,0x33504950,0x0E69CEBDCE794A05BA668E65BDF5845A4
2,W,0x33504960,0x0DB2DE0E6E000AA5CB969E665265A3939
2,W,0x33504970,0x0C845C5EF2543B160BD69E266575A4A59
2,W,0x33504980,0x0B24F96F05A54C25ED265D6585A574A5A
2,W,0x33504990,0x40402CE26159C656D65ECA2D52524953
2,W,0x335049A0,0x402D4D9C5B52C452C350ACBC16524F46
2,W,0x335049B0,0x0BC005B525742C152D731C0C4D3534C3C
2,W,0x335049C0,0x0D88D62565335BF59E6A2D2C0DC544601
2,W,0x335049D0,0x0E288635350A3BF5EE73CC8A7DD5446BE
2,W,0x335049E0,0x0E4815C4E51CBBF5FE9579C01D55443CA
2,W,0x335049F0,0x0E5AC524450D5BE5AE65E2394CB5399C8
2,W,0x33504A00,0x0C2D2DCE25364284C613D649DC9E6A7E5
2,W,0x33504A10,0x0C6B0CEE05E612C4F63965A512EDAC4C7
2,W,0x33504A20,0x0D85842DC565A365260BF4D5DC9BFCE8F
2,W,0x33504A30,0x0DC665BDC485A405356CC005CC03AD7B1
2,W,0x33504A40,0x0DA655BDBBB62434C4BD0C8543D51E2C7
2,W,0x33504A50,0x0D86350D1D668484836D2CD505450E7D3
2,W,0x33504A60,0x0D5602CC2DE654D52A5C8C54C564CE4D8
2,W,0x33504A70,0x0C35805BAD6534B4DC58BB2465449D9D8
2,W,0x33504A80,0x36402CBFCB423F41CCBC21435731D7D4
2,W,0x33504A90,0x54B92DC41A81003CC2CC414258C7DCCD
2,W,0x33504AA0,0x43D4D1C551B1B44030CA484D54CCDEC6
2,W,0x33504AB0,0x20B7B2C34E97B7414EB2475842B8E0C7
2,W,0x33504AC0,0x0991FC9B9C826B1415720475FA7A3E2CE
2,W,0x33504AD0,0x08232D59FE334A2415D334D62BDABE3D2
2,W,0x33504AE0,0x1F26E01BEB3A8E4160335363C5C4E5D2
2,W,0x33504AF0,0x2907E4B3EA3B004261335961CAC6E6D1
2,W,0x33504B00,0x60546390DCC6DB5943DB52F11FE3E3EC
2,W,0x33504B10,0x564F62CDDDCDAF5155E048F23FE2E5EF
2,W,0x33504B20,0x3A3962D9D9D74D405DE241F248E1DFED
2,W,0x33504B30,0x0CCAD62E0D1DB57245AE332F254DEB3E8
2,W,0x33504B40,0x0DCC362E0ACDB5B3759D923F358DA51E2
2,W,0x33504B50,0x0E0C962E034D6573954A520F35AD665D3
2,W,0x33504B60,0x0DD1962DDC2C9493F54499AF357D46BB2
2,W,0x33504B70,0x0DC5461D2E411C0465152B5F351D46CAA
2,W,0x33504B80,0x0DC5E610BEF40D5453258B3F32FD462A8
2,W,0x33504B90,0x0D7606064F040D48EBC61A7F3B2D64997
2,W,0x33504BA0,0x0AC5D606DE93BCDC4C65D16F3C9D6C2AE
2,W,0x33504BB0,0x48576070D6A3A9CEC83526F4D4D5C0C3
2,W,0x33504BC0,0x53565F6A44D242CDCDD428F4D7D435D4
2,W,0x33504BD0,0x54545F5B5ADE51C9D1E030F4D4D254D4
2,W,0x33504BE0,0x5244601F5CE456C3D4E133F4D0D05DCD
2,W,0x33504BF0,0x5191613952E95AB8D6D832F4CDCB5AB5
2,W,0x33504C00,0x5DA3BCD44FB72A5655CF55634966D066
2,W,0x33504C10,0x16BAC9B953BD3E484DD35C645566C35B
2,W,0x33504C20,0x0CCCDD0325200394239D661644866B839
2,W,0x33504C30,0x0D5DBD5144B57433835D6635CD466C3C2
2,W,0x33504C40,0x0D9E3D7224D5A41423DD66096E166D4CF
2,W,0x33504C50,0x0D6E4D5C3535A454445D55AD6DF66D0D2
2,W,0x33504C60,0x0CFE2D1CCA35725013FD154D5E06501D2
2,W,0x33504C70,0x0C3D8CD00C251CCD522CB5096E16546CD
2,W,0x33504C80,0x0B610D3350046DBE6ABBE4E5ED96560C1
2,W,0x33504C90,0x2C86E5462A40B9E5C09A3166E064551E
2,W,0x33504CA0,0x3FB9E94CA14250E2DDBEA35DE8633453
2,W,0x33504CB0,0x0C1CBE650BF4659D3E4CDB945F062B74D
2,W,0x33504CC0,0x0D9CFE551CC485628E3D6CCC9F260AB46
2,W,0x33504CD0,0x0E0ABE44CD2415755D2DED7DEF15F2D46
2,W,0x33504CE0,0x0E446E540D3255B5DA6E1DEE3EA5D4453
2,W,0x33504CF0,0x0E64FE522D2A85D5D19E3E2E6E55B3F54
2,W,0x33504D00,0x5177BD6E5B48514C5AD1D35EE05A0C42
2,W,0x33504D10,0x5777BC6D5F3452424DC2B650DA533634
2,W,0x33504D20,0x5577B56A60C55544B1221330D9273530
2,W,0x33504D30,0x5477A2675AB55956DA4801B3D5D08106
2,W,0x33504D40,0x4C770164570E5B5DE000A1C5CAD7B5AA
2,W,0x33504D50,0x09A773F57502D5B60E0D7CCC9BCD5BBC3
2,W,0x33504D60,0x0D27758383531585EDAE5D5C5B5D3B0CD
2,W,0x33504D70,0x0D57763990047495ACAECD6BFC1C339D3
2,W,0x33504D80,0x0D67761B73254815221F1D0BECE4C5CD7
2,W,0x33504D90,0x0D6765AC04D52CE9656F0CBBDD34B67D4
2,W,0x33504DA0,0x0D77638B45451D1CB62D8C5A4D74A6ACF
2,W,0x33504DB0,0x0DE76C8AF5456CCCA6181C200D45068A3
2,W,0x33504DC0,0x0E376D7B5554BCBB35A02C31CC4566447
2,W,0x33504DD0,0x0E776DCBB5348C73353B7C82A18555B4A
2,W,0x33504DE0,0x0E976D3C24A4FC1244DC6CE32293A512D
2,W,0x33504DF0,0x0EB76B1CC9147C81249C9D3352EC842C4
2,W,0x33504E00,0x611E56EFB052C55AA045C14DE01B5BC4
2,W,0x33504E10,0x53C64BECB653DC5CB653C047E648582D
2,W,0x33504E20,0x46D13AE5BD56E654CC53C846E752575A
2,W,0x33504E30,0x26D48FDFC758E8C6D542C64BC151556A
2,W,0x33504E40,0x0AAD9ABDBD155E5DED7B0BA506440526E
2,W,0x33504E50,0x0BBDDB2D8D355DBDFD8C20D506E3E4D6D
2,W,0x33504E60,0x0C5DFC0D2D248D3D9D6BD314A734A4266
2,W,0x33504E70,0x0CFDCD2C8D2C2D4D6D3A7A54774413A55
2,W,0x33504E80,0x0D2D8C727D2D5DCB6D2012846732819B5
2,W,0x33504E90,0x0C6D101B2D3D9E151CFBBAE456F38B8D0
2,W,0x33504EA0,0x0A8C8C0D2D4C7DF54D2CED6436695BED3
2,W,0x33504EB0,0x2AC5D3DBD409DF51D7D3E2334ED0C3D1
2,W,0x33504EC0,0x40C6DBDBD541D84CD4D6DE99C6E0CAC7
2,W,0x33504ED0,0x44CBE1D0D34A934AC4D8D3B1D4E7D1BF
2,W,0x33504EE0,0x41D0E1C1D1455242A1D6D3B1D9ECD3BB
2,W,0x33504EF0,0x39D0DFB6CEA65B3112C9D9B4DAEED4BB
2,W,0x33504F00,0x0D962CD595B684562D872401DE2C1DE61
2,W,0x33504F10,0x0C863D2545E604549C37141DAD8C8E15B
2,W,0x33504F20,0x0B05ECF526036A03F326C42E8A4D0E051
2,W,0x33504F30,0x09639325262C4DAA2525C36EE4DCADB38
2,W,0x33504F40,0x0C15D4E64D3E1CE562D00F05313D50F
2,W,0x33504F50,0x0A4B35F4565D8E3D856CCABEF4A53CA30
2,W,0x33504F60,0x0BF30524065D7E3D455D301EE43629F3F
2,W,0x33504F70,0x0B441834465D3DCD74FDA47EA4E674148
2,W,0x33504F80,0x4945CA4765C41CC93DC354E64C654C58
2,W,0x33504F90,0x5751DC4F659C5E25C8B541E34541455F
2,W,0x33504FA0,0x4E56DD5066355F46D2CFA5DE43D53B5E
2,W,0x33504FB0,0x3757D84D674A564DD3E0CADA42E2255D
2,W,0x33504FC0,0x4256D33A68515D51D2E3D5D447E68D5B
2,W,0x33504FD0,0x4D53CB006850644FD1DDDCCE49E5965B
2,W,0x33504FE0,0x5052B7BA68516543CFB7E1CA4DD19A5B
2,W,0x33504FF0,0x4A4D89C668516526C859E3CE5453A75C
2,W,0x33505000,0x0D3B9D1E66055DEE769D32E81DBD5A670
2,W,0x33505010,0x0C481DFE85F55D9E664D82396E0D0C46D
2,W,0x33505020,0x0AC48E4E75E58D5D95DDB8DA6E1C5D367
2,W,0x33505030,0x0A958E6E25A5BD31F52DCB4ACE2B1DD61
2,W,0x33505040,0x0A757E6D9565ED3573CDBC2ADE203E359
2,W,0x33505050,0x0A651E4D6515FD46081DAC7ABE225E153
2,W,0x33505060,0x09F4DE2D1495FD563ABD8CBA7E100D84C
2,W,0x33505070,0x0814DDEC73C5DD864A7D8CEA4DFB0D847
2,W,0x33505080,0x1C4ED8A8015BDA6495DDD0A2DBBFD744
2,W,0x33505090,0x2D4DD313B95ADB6501E2D19FD9C4D343
2,W,0x335050A0,0x344BD226C859DC6521E5D19CD9C7C341
2,W,0x335050B0,0x3A49D230D158DD652FE8D19AD8CAA741
2,W,0x335050C0,0x3F48D129D657DD6636EBD299D8CB9642
2,W,0x335050D0,0x4247D11BDB57DE663CEDD298D8CC9743
2,W,0x335050E0,0x4445D01BDF56DE6641F0D297D7CD8C44
2,W,0x335050F0,0x4641D033E255DE6643F1D296D7C
